Item,Pallet No.,SeriBl No,Pmax(W),Voc(V),Isc(B),Ipm(B),Vpm(V),FF,Order,Pallet Order,Exclude,UUID,Inverter,String
1,1,GZNE29274,332.7,70.6,6.087,5.629,59.1,77.42,749,1,0,3,1,A1
2,1,GZNE29276,335.8,70.7,6.096,5.667,59.25,77.88,2091,1,0,6,1,A1
3,1,GZNE29268,332.4,70.7,6.066,5.623,59.11,77.56,601,1,0,9,1,A1
4,1,GZNE29291,332.8,70.6,6.08,5.625,59.16,77.53,658,1,0,12,1,A1
5,1,GZNE29292,335.5,70.7,6.097,5.666,59.2,77.86,2081,1,0,15,1,A1
6,1,GZNE29288,332.6,70.7,6.077,5.621,59.17,77.46,532,1,0,18,1,A1
7,1,GZNE29271,335.4,70.7,6.108,5.666,59.19,77.72,2080,1,0,21,1,A1
8,1,GZNE29285,332.6,70.6,6.072,5.62,59.18,77.56,493,1,0,24,1,A1
9,1,GZNE29254,335.2,70.6,6.077,5.668,59.14,78.13,2100,1,0,27,1,A1
10,1,GZNE29264,332.1,70.4,6.099,5.633,58.95,77.3,847,1,0,30,1,A1
11,1,GZNE29269,335.3,70.7,6.073,5.661,59.23,78.13,1980,1,0,33,1,A1
12,1,GZNE29260,332.3,70.5,6.083,5.627,59.05,77.47,701,1,0,36,1,A1
13,1,GZNE29282,335,70.6,6.088,5.668,59.11,77.89,2099,1,0,39,1,A2
14,1,GZNE29280,335.3,70.7,6.086,5.669,59.16,77.98,2115,1,0,42,1,A2
15,1,GZNE29087,336.6,70.7,6.099,5.677,59.28,78.08,2158,1,0,45,1,A2
16,1,GZNE29184,334.7,70.6,6.109,5.675,58.97,77.64,2157,1,0,48,1,A2
17,1,GZNE29110,336.6,70.7,6.113,5.678,59.29,77.9,2160,1,0,51,1,A2
18,1,GZNE29059,332.7,70.6,6.083,5.629,59.1,77.52,750,1,0,54,1,A2
19,1,GZNE29061,336.1,70.7,6.1,5.671,59.26,77.89,2141,1,0,57,1,A2
20,1,GZNE29018,330.9,70.6,6.056,5.614,58.94,77.44,238,1,0,60,1,A2
21,1,GZNE28990,336.4,70.7,6.1,5.671,59.32,77.98,2142,1,0,63,1,A2
22,1,GZNE28993,336.4,70.7,6.092,5.67,59.33,78.12,2128,1,0,66,1,A2
23,1,GZNE28984,332.9,70.6,6.063,5.631,59.11,77.79,794,1,0,69,1,A2
24,1,GZNE28996,336.7,70.8,6.085,5.668,59.42,78.2,2106,1,0,72,1,A2
25,1,GZNE29020,333.3,70.6,6.082,5.631,59.19,77.65,800,1,0,75,1,A3
26,1,GZNE29019,333.6,70.6,6.079,5.63,59.25,77.68,776,1,0,78,1,A3
27,1,GZNE29000,336.6,70.7,6.101,5.67,59.36,78.02,2129,1,0,81,1,A3
28,1,GZNE29001,336.7,70.8,6.1,5.67,59.38,78.01,2130,1,0,84,1,A3
29,1,GZNE28998,335.9,70.8,6.079,5.654,59.41,78.09,1734,1,0,87,1,A3
30,1,GZNE29004,336.4,70.7,6.096,5.661,59.42,78,1990,1,0,90,1,A3
31,1,GZNE29347,335.9,70.9,6.09,5.661,59.34,77.86,1988,1,0,93,1,A3
32,1,GZNE29262,332.5,70.5,6.053,5.632,59.03,77.9,814,1,0,96,1,A3
33,1,GZNE29346,335.5,70.9,6.064,5.648,59.4,78.03,1445,1,0,99,1,A3
34,1,GZNE29334,332.2,70.7,6.06,5.619,59.13,77.56,444,1,0,102,1,A3
35,1,GZNE29306,335.5,70.7,6.093,5.664,59.23,77.84,2046,1,0,105,1,A3
36,1,GZNE29320,333.4,70.7,6.074,5.652,58.99,77.64,1613,1,0,108,1,A3
37,1,GZNE29322,334.2,70.6,6.089,5.661,59.04,77.8,1969,1,0,111,1,A4
38,1,GZNE29328,333,70.8,6.083,5.623,59.22,77.38,605,1,0,114,1,A4
39,1,GZNE29295,333.2,70.7,6.069,5.625,59.23,77.67,663,1,0,117,1,A4
40,1,G6NH24768,331.8,70.6,6.07,5.628,58.96,77.37,725,1,0,120,1,A4
41,2,H1NE07473,333.4,70.8,6.054,5.611,59.42,77.74,174,2,0,123,1,A4
42,2,H1NE07449,332,70.8,6.057,5.608,59.2,77.47,88,2,0,126,1,A4
43,2,H1NE07346,334.8,70.7,6.063,5.655,59.2,78.06,1764,2,0,129,1,A4
44,2,H1NE07477,335.1,70.9,6.066,5.652,59.3,77.92,1634,2,0,132,1,A4
45,2,H1NE07446,332.6,70.5,6.056,5.622,59.15,77.92,564,2,0,135,1,A4
46,2,H1NE07457,333.8,70.7,6.092,5.646,59.12,77.53,1336,2,0,138,1,A4
47,2,H1NE07460,333.5,70.8,6.057,5.645,59.07,77.72,1288,2,0,141,1,A4
48,2,H1NE07429,335.2,70.9,6.069,5.646,59.37,77.9,1350,2,0,144,1,A4
49,2,H1NE07436,333.7,70.7,6.063,5.623,59.34,77.89,616,2,0,147,1,A5
50,2,H1NE07447,333.3,70.7,6.059,5.619,59.32,77.85,461,2,0,150,1,A5
51,2,H1NE07440,333.3,70.8,6.061,5.612,59.39,77.67,192,2,0,153,1,A5
52,2,H1NE07451,333.3,70.7,6.05,5.618,59.32,77.87,407,2,0,156,1,A5
53,2,H1NE07448,333.5,70.7,6.066,5.62,59.33,77.71,510,2,0,159,1,A5
54,2,H1NE07452,333.3,70.7,6.06,5.617,59.33,77.77,372,2,0,162,1,A5
55,2,H1NE07453,333.8,70.8,6.044,5.614,59.46,77.98,269,2,0,165,1,A5
56,2,H1NE07454,333.8,70.8,6.03,5.616,59.43,78.17,340,2,0,168,1,A5
57,2,H1NE07456,333.2,70.7,6.044,5.617,59.33,77.98,368,2,0,171,1,A5
58,2,H1NE07458,333.3,70.8,6.055,5.613,59.38,77.8,227,2,0,174,1,A5
59,2,H1NE07459,333.6,70.8,6.048,5.616,59.4,77.94,338,2,0,177,1,A5
60,2,H1NE07461,333.4,70.8,6.046,5.612,59.42,77.86,193,2,0,180,1,A5
61,2,H1NE07462,333.5,70.7,6.061,5.621,59.33,77.79,551,2,0,183,1,A6
62,2,H1NE07431,335.5,70.9,6.074,5.654,59.34,77.9,1727,2,0,186,1,A6
63,2,H1NE07428,333.1,70.7,6.055,5.618,59.3,77.81,403,2,0,189,1,A6
64,2,H1NE07433,335.9,70.9,6.091,5.656,59.38,77.82,1818,2,0,192,1,A6
65,2,H1NE07430,334.1,70.9,6.046,5.618,59.48,77.99,433,2,0,195,1,A6
66,2,H1NE07432,333.1,70.6,6.075,5.623,59.24,77.65,606,2,0,198,1,A6
67,2,H1NE07435,332.5,70.8,6.069,5.615,59.23,77.4,281,2,0,201,1,A6
68,2,H1NE07434,335.2,70.8,6.093,5.656,59.27,77.65,1808,2,0,204,1,A6
69,2,H1NE07438,333.1,70.7,6.075,5.621,59.25,77.51,540,2,0,207,1,A6
70,2,H1NE07437,334.3,70.9,6.079,5.656,59.11,77.62,1797,2,0,210,1,A6
71,2,H1NE07439,335,70.8,6.088,5.658,59.2,77.75,1876,2,0,213,1,A6
72,2,H1NE07441,333.7,70.9,6.055,5.606,59.53,77.71,66,2,0,216,1,A6
73,2,H1NE07443,333.8,70.9,6.072,5.608,59.53,77.53,102,2,0,219,1,A7
74,2,H1NE07442,335,71,6.055,5.634,59.45,77.94,886,2,0,222,1,A7
75,2,H1NE07445,333.5,70.8,6.051,5.608,59.47,77.82,101,2,0,225,1,A7
76,2,H1NE07444,334.4,70.9,6.061,5.635,59.33,77.82,913,2,0,228,1,A7
77,2,H1NE07396,335,70.7,6.086,5.665,59.13,77.83,2064,2,0,231,1,A7
78,2,H1NE07401,335.2,70.6,6.093,5.669,59.13,77.96,2114,2,0,234,1,A7
79,2,H1NE07397,333.6,70.7,6.098,5.622,59.34,77.42,579,2,0,237,1,A7
80,2,GZNE29647,332.3,70.7,6.065,5.611,59.23,77.49,161,2,0,240,1,A7
81,3,H1NE07798,334.6,70.6,6.095,5.663,59.09,77.74,2017,3,0,243,1,A7
82,3,H1NE07797,333.5,70.6,6.091,5.653,58.99,77.51,1656,3,0,246,1,A7
83,3,H1NE07767,331.8,70.5,6.06,5.617,59.07,77.64,348,3,0,249,1,A7
84,3,H1NE07766,333.1,70.6,6.094,5.654,58.92,77.42,1704,3,0,252,1,A7
85,3,H1NE07769,331.2,70.3,6.05,5.622,58.91,77.85,556,3,0,255,1,A8
86,3,H1NE07768,333,70.6,6.067,5.651,58.92,77.77,1568,3,0,258,1,A8
87,3,H1NE07771,330.7,70.3,6.051,5.619,58.85,77.71,435,3,0,261,1,A8
88,3,H1NE07772,333,70.6,6.069,5.646,58.98,77.77,1331,3,0,264,1,A8
89,3,H1NE07773,331.6,70.5,6.05,5.616,59.05,77.7,314,3,0,267,1,A8
90,3,H1NE07774,334.1,70.7,6.069,5.647,59.16,77.84,1392,3,0,270,1,A8
91,3,H1NE07775,332.5,70.6,6.058,5.643,58.93,77.73,1164,3,0,273,1,A8
92,3,H1NE07778,331.7,70.6,6.047,5.609,59.14,77.68,104,3,0,276,1,A8
93,3,H1NE07776,333.6,70.7,6.068,5.642,59.13,77.76,1136,3,0,279,1,A8
94,3,H1NE07780,331.3,70.6,6.03,5.595,59.2,77.77,4,3,0,282,1,A8
95,3,H1NE07779,332.8,70.7,6.054,5.635,59.07,77.76,907,3,0,285,1,A8
96,3,H1NE07781,330.8,70.7,6.043,5.602,59.04,77.43,21,3,0,288,1,A8
97,3,H1NE07782,333.4,70.7,6.055,5.634,59.17,77.87,882,3,0,291,1,A9
98,3,H1NE07727,331.6,70.7,6.053,5.611,59.09,77.48,153,3,0,294,1,A9
99,3,H1NE07736,331.8,70.7,6.047,5.603,59.22,77.66,33,3,0,297,1,A9
100,3,H1NE07738,331,70.7,6.043,5.603,59.07,77.51,28,3,0,300,1,A9
101,3,H1NE07730,333.8,70.8,6.062,5.645,59.13,77.77,1289,3,0,303,1,A9
102,3,H1NE07732,333.9,70.7,6.077,5.656,59.03,77.67,1791,3,0,306,1,A9
103,3,H1NE07734,335,70.9,6.075,5.65,59.29,77.78,1541,3,0,309,1,A9
104,3,H1NE07742,334.7,70.8,6.061,5.649,59.25,78,1489,3,0,312,1,A9
105,3,H1NE07740,332.1,70.7,6.048,5.599,59.32,77.68,12,3,0,315,1,A9
106,3,H1NE07737,332.2,70.7,6.03,5.603,59.29,77.97,35,3,0,318,1,A9
107,3,H1NE07739,334,70.8,6.083,5.648,59.13,77.52,1433,3,0,321,1,A9
108,3,H1NE07746,331.6,70.7,6.019,5.604,59.18,77.96,38,3,0,324,1,A9
109,3,H1NE07741,335,70.9,6.063,5.651,59.29,77.94,1590,3,0,327,1,A10
110,3,H1NE07748,330.7,70.5,6.071,5.608,58.97,77.32,84,3,0,330,1,A10
111,3,H1NE07744,334.2,70.9,6.07,5.643,59.23,77.72,1180,3,0,333,1,A10
112,3,H1NE07757,331.2,70.5,6.02,5.603,59.11,78,29,3,0,336,1,A10
113,3,H1NE07758,330.5,70.1,6.079,5.624,58.77,77.51,622,3,0,339,1,A10
114,3,H1NE07749,333.5,70.5,6.071,5.661,58.91,77.93,1968,3,0,342,1,A10
115,3,H1NE07743,334.7,70.8,6.057,5.647,59.27,78.07,1401,3,0,345,1,A10
116,3,H1NE07756,331.6,70.5,6.049,5.617,59.04,77.77,346,3,0,348,1,A10
117,3,H1NE07747,333.9,70.5,6.077,5.649,59.1,77.89,1481,3,0,351,1,A10
118,3,H1NE07760,331.3,70.5,6.07,5.61,59.04,77.43,130,3,0,354,1,A10
119,3,H1NE07750,333,70.7,6.059,5.654,58.9,77.79,1703,3,0,357,1,A10
120,3,GZNE29697,335.9,70.7,6.08,5.662,59.32,78.09,2007,3,0,360,1,A10
121,4,H1NE07751,333.4,70.6,6.067,5.653,58.98,77.8,1655,4,0,363,1,A11
122,4,H1NE07755,332.9,70.5,6.059,5.649,58.93,77.95,1477,4,0,366,1,A11
123,4,H1NE07752,331.3,70.5,6.05,5.611,59.04,77.64,150,4,0,369,1,A11
124,4,H1NE07745,333.6,70.8,6.042,5.634,59.21,77.94,883,4,0,372,1,A11
125,4,H1NE07754,333.1,70.7,6.084,5.645,59,77.5,1284,4,0,375,1,A11
126,4,H1NE07759,332.7,70.4,6.075,5.65,58.89,77.75,1518,4,0,378,1,A11
127,4,H1NE07763,333.7,70.7,6.073,5.654,59.01,77.72,1709,4,0,381,1,A11
128,4,H1NE07702,333.8,70.8,6.081,5.654,59.05,77.55,1711,4,0,384,1,A11
129,4,H1NE07700,332.2,70.7,6.027,5.612,59.2,77.95,182,4,0,387,1,A11
130,4,H1NE07698,333.9,70.8,6.08,5.653,59.07,77.55,1659,4,0,390,1,A11
131,4,H1NE07699,332.4,70.7,6.025,5.609,59.26,77.99,112,4,0,393,1,A11
132,4,H1NE07695,332.5,70.8,6.075,5.652,58.83,77.29,1609,4,0,396,1,A11
133,4,H1NE07694,332.6,70.7,6.068,5.62,59.17,77.51,494,4,0,399,1,A12
134,4,H1NE07668,334.3,70.5,6.09,5.672,58.93,77.8,2148,4,0,402,1,A12
135,4,H1NE07688,331.5,70.5,6.049,5.621,58.97,77.73,523,4,0,405,1,A12
136,4,H1NE07690,333.7,70.8,6.081,5.651,59.06,77.5,1574,4,0,408,1,A12
137,4,H1NE07723,331.3,70.5,6.043,5.614,59.02,77.77,241,4,0,411,1,A12
138,4,H1NE07697,333.2,70.7,6.079,5.644,59.04,77.55,1233,4,0,414,1,A12
139,4,H1NE07721,331.9,70.6,6.058,5.613,59.12,77.63,206,4,0,417,1,A12
140,4,H1NE07725,332.9,70.7,6.056,5.621,59.22,77.72,537,4,0,420,1,A12
141,4,H1NE07661,334.4,70.8,6.083,5.648,59.21,77.65,1434,4,0,423,1,A12
142,4,H1NE07731,333.1,70.7,6.057,5.621,59.26,77.84,541,4,0,426,1,A12
143,4,H1NE07643,334.4,70.9,6.084,5.656,59.14,77.54,1800,4,0,429,1,A12
144,4,H1NE07729,332.7,70.7,6.079,5.622,59.18,77.4,568,4,0,432,1,A12
145,4,H1NE07717,334.8,70.7,6.08,5.658,59.18,77.85,1874,4,0,435,1,A13
146,4,H1NE07733,333.3,70.8,6.063,5.62,59.31,77.7,506,4,0,438,1,A13
147,4,H1NE07715,334.2,70.7,6.082,5.658,59.07,77.72,1870,4,0,441,1,A13
148,4,H1NE07718,332.4,70.6,6.055,5.624,59.11,77.75,628,4,0,444,1,A13
149,4,H1NE07713,333.9,70.6,6.099,5.668,58.92,77.56,2097,4,0,447,1,A13
150,4,H1NE07716,332,70.4,6.067,5.627,59,77.69,699,4,0,450,1,A13
151,4,H1NE07714,332.4,70.6,6.045,5.625,59.09,77.91,653,4,0,453,1,A13
152,4,H1NE07711,334.5,70.7,6.089,5.659,59.12,77.71,1908,4,0,456,1,A13
153,4,H1NE07712,332.3,70.5,6.046,5.621,59.12,77.93,529,4,0,459,1,A13
154,4,H1NE07693,334.6,70.8,6.085,5.661,59.11,77.62,1973,4,0,462,1,A13
155,4,H1NE07708,331.5,70.6,6.056,5.619,58.99,77.55,438,4,0,465,1,A13
156,4,H1NE07709,334.2,70.7,6.082,5.659,59.06,77.69,1905,4,0,468,1,A13
157,4,H1NE07705,330.4,70.6,6.045,5.607,58.92,77.38,67,4,0,471,2,B1
158,4,H1NE07710,334.2,70.6,6.086,5.666,58.97,77.75,2079,4,0,474,2,B1
159,4,H1NE07663,332,70.6,6.064,5.613,59.16,77.6,211,4,0,477,2,B1
160,4,GZNE29188,336.1,70.7,6.112,5.673,59.24,77.82,2154,4,0,480,2,B1
161,5,H1NE07706,333,70.7,6.071,5.645,58.99,77.59,1283,5,0,483,2,B1
162,5,H1NE07692,331.7,70.7,6.063,5.618,59.05,77.44,390,5,0,486,2,B1
163,5,H1NE07701,331.7,70.7,6.058,5.61,59.12,77.47,133,5,0,489,2,B1
164,5,H1NE07696,332.3,70.6,6.071,5.638,58.94,77.52,982,5,0,492,2,B1
165,5,H1NE07691,331.9,70.7,6.057,5.612,59.14,77.48,180,5,0,495,2,B1
166,5,H1NE07704,333.8,70.8,6.074,5.648,59.11,77.58,1432,5,0,498,2,B1
167,5,H1NE07687,332.3,70.7,6.08,5.623,59.1,77.36,599,5,0,501,2,B1
168,5,H1NE07703,332.2,70.8,6.067,5.647,58.83,77.32,1370,5,0,504,2,B1
169,5,H1NE07684,331.6,70.5,6.057,5.616,59.03,77.6,315,5,0,507,2,B2
170,5,H1NE07689,334.2,70.8,6.077,5.652,59.13,77.65,1619,5,0,510,2,B2
171,5,H1NE07685,332.6,70.6,6.06,5.648,58.87,77.77,1422,5,0,513,2,B2
172,5,H1NE07722,332.4,70.6,6.058,5.623,59.12,77.74,602,5,0,516,2,B2
173,5,H1NE07724,333,70.6,6.091,5.65,58.93,77.39,1524,5,0,519,2,B2
174,5,H1NE07632,332.9,70.8,6.037,5.609,59.34,77.92,120,5,0,522,2,B2
175,5,H1NE07675,333.7,70.5,6.065,5.658,58.98,78.04,1866,5,0,525,2,B2
176,5,H1NE07676,333.8,70.6,6.06,5.649,59.09,78,1480,5,0,528,2,B2
177,5,H1NE07662,331.5,70.7,6.059,5.612,59.08,77.4,179,5,0,531,2,B2
178,5,H1NE07680,333.8,70.7,6.06,5.639,59.19,77.9,1037,5,0,534,2,B2
179,5,H1NE07625,334.4,70.8,6.072,5.655,59.14,77.83,1759,5,0,537,2,B2
180,5,H1NE07677,331.9,70.5,6.026,5.613,59.12,78.15,207,5,0,540,2,B2
181,5,H1NE07614,334.6,70.9,6.079,5.656,59.16,77.64,1801,5,0,543,2,B3
182,5,H1NE07679,332.1,70.5,6.024,5.613,59.17,78.23,212,5,0,546,2,B3
183,5,H1NE07681,331.9,70.5,6.032,5.609,59.17,78.05,105,5,0,549,2,B3
184,5,H1NE07678,334.3,70.6,6.071,5.654,59.12,78,1713,5,0,552,2,B3
185,5,H1NE07682,331.6,70.5,6.027,5.615,59.06,78.1,272,5,0,555,2,B3
186,5,H1NE07686,334.3,70.7,6.077,5.661,59.04,77.75,1970,5,0,558,2,B3
187,5,H1NE07683,331.9,70.7,6.047,5.619,59.08,77.68,439,5,0,561,2,B3
188,5,H1NE07652,334.5,70.8,6.069,5.649,59.21,77.85,1485,5,0,564,2,B3
189,5,H1NE07635,332.9,70.8,6.045,5.606,59.38,77.79,61,5,0,567,2,B3
190,5,H1NE07660,332.2,70.7,6.071,5.611,59.21,77.43,159,5,0,570,2,B3
191,5,H1NE07640,334.3,70.9,6.068,5.646,59.22,77.76,1339,5,0,573,2,B3
192,5,H1NE07664,332.7,70.6,6.068,5.621,59.19,77.65,533,5,0,576,2,B3
193,5,H1NE07667,332.3,70.6,6.046,5.612,59.21,77.8,184,5,0,579,2,B4
194,5,H1NE07655,334.8,70.9,6.065,5.652,59.24,77.92,1630,5,0,582,2,B4
195,5,H1NE07669,331.2,70.5,6.072,5.625,58.87,77.38,649,5,0,585,2,B4
196,5,H1NE07665,334.2,70.8,6.065,5.645,59.2,77.86,1294,5,0,588,2,B4
197,5,H1NE07634,333,70.8,6.04,5.614,59.31,77.89,255,5,0,591,2,B4
198,5,H1NE07666,334.8,70.7,6.084,5.661,59.14,77.84,1976,5,0,594,2,B4
199,5,H1NE07672,332.7,70.7,6.068,5.625,59.15,77.55,657,5,0,597,2,B4
200,5,GZNE29684,332.9,70.6,6.054,5.629,59.14,77.91,752,5,0,600,2,B4
201,6,H1NE07811,333.5,70.6,6.07,5.654,59,77.85,1706,8,0,603,2,B4
202,6,H1NE07826,331.7,70.7,6.019,5.6,59.24,77.93,14,8,0,606,2,B4
203,6,H1NE07821,334,70.8,6.063,5.642,59.2,77.84,1137,8,0,609,2,B4
204,6,H1NE07822,334,70.9,6.073,5.638,59.24,77.62,992,8,0,612,2,B4
205,6,H1NE07825,334.5,70.9,6.077,5.653,59.17,77.67,1664,8,0,615,2,B5
206,6,H1NE07815,332,70.7,6.038,5.611,59.16,77.77,157,8,0,618,2,B5
207,6,H1NE07829,334.5,70.8,6.064,5.648,59.23,77.92,1435,8,0,621,2,B5
208,6,H1NE07831,334.6,70.8,6.074,5.655,59.16,77.82,1762,8,0,624,2,B5
209,6,H1NE07834,332.3,70.7,6.049,5.607,59.26,77.7,77,8,0,627,2,B5
210,6,H1NE07783,334.1,70.8,6.061,5.652,59.12,77.87,1618,8,0,630,2,B5
211,6,H1NE07762,331.2,70.4,6.053,5.619,58.95,77.7,436,8,0,633,2,B5
212,6,H1NE07788,331.9,70.5,6.034,5.617,59.09,78,349,8,0,636,2,B5
213,6,H1NE07770,332.6,70.7,6.097,5.655,58.82,77.22,1747,8,0,639,2,B5
214,6,H1NE07785,332.2,70.6,6.063,5.616,59.14,77.62,317,8,0,642,2,B5
215,6,H1NE07784,333.3,70.7,6.069,5.654,58.95,77.7,1705,8,0,645,2,B5
216,6,H1NE07777,331.6,70.5,6.061,5.613,59.09,77.57,204,8,0,648,2,B5
217,6,H1NE07791,332.2,70.6,6.093,5.65,58.79,77.27,1514,8,0,651,2,B6
218,6,H1NE07806,331.2,70.5,6.056,5.614,59,77.54,239,8,0,654,2,B6
219,6,H1NE07792,333.7,70.7,6.078,5.647,59.08,77.59,1390,8,0,657,2,B6
220,6,H1NE07810,330.8,70.4,6.039,5.607,59.01,77.77,68,8,0,660,2,B6
221,6,H1NE07735,334,70.7,6.075,5.647,59.15,77.77,1391,8,0,663,2,B6
222,6,H1NE07790,332,70.6,6.046,5.61,59.17,77.78,136,8,0,666,2,B6
223,6,H1NE07802,334.1,70.6,6.089,5.659,59.03,77.7,1904,8,0,669,2,B6
224,6,H1NE07818,332.5,70.7,6.057,5.617,59.21,77.67,358,8,0,672,2,B6
225,6,H1NE07793,334.1,70.7,6.087,5.658,59.04,77.6,1868,8,0,675,2,B6
226,6,H1NE07794,333.6,70.6,6.08,5.65,59.04,77.73,1528,8,0,678,2,B6
227,6,H1NE07819,332.2,70.8,6.032,5.611,59.2,77.84,160,8,0,681,2,B6
228,6,H1NE07805,332.7,70.6,6.055,5.639,59,77.85,1024,8,0,684,2,B6
229,6,H1NE07787,333.1,70.6,6.063,5.647,58.99,77.83,1386,8,0,687,2,B7
230,6,H1NE07824,332.1,70.7,6.036,5.608,59.22,77.82,91,8,0,690,2,B7
231,6,H1NE07807,333.9,70.6,6.098,5.656,59.04,77.54,1792,8,0,693,2,B7
232,6,H1NE07795,334,70.7,6.087,5.655,59.06,77.62,1755,8,0,696,2,B7
233,6,H1NE07728,334.9,70.9,6.076,5.659,59.18,77.76,1913,8,0,699,2,B7
234,6,H1NE07820,332.8,70.8,6.039,5.613,59.3,77.84,219,8,0,702,2,B7
235,6,H1NE07812,334,70.6,6.08,5.657,59.04,77.76,1828,8,0,705,2,B7
236,6,H1NE07816,334.4,70.8,6.072,5.652,59.16,77.76,1622,8,0,708,2,B7
237,6,H1NE07786,333.8,70.7,6.082,5.65,59.08,77.63,1529,8,0,711,2,B7
238,6,H1NE07796,333.4,70.7,6.082,5.65,59.01,77.6,1526,8,0,714,2,B7
239,6,H1NE07726,334.3,70.9,6.084,5.656,59.11,77.54,1798,8,0,717,2,B7
240,6,GZNE29173,332.2,70.6,6.081,5.627,59.04,77.36,700,8,0,720,2,B7
241,7,H1NE07892,332.3,70.6,6.045,5.609,59.25,77.87,110,9,0,723,2,B8
242,7,H1NE07900,335,70.7,6.084,5.657,59.23,77.88,1835,9,0,726,2,B8
243,7,H1NE07894,332.8,70.6,6.044,5.618,59.24,77.96,398,9,0,729,2,B8
244,7,H1NE07888,335.2,70.7,6.069,5.655,59.28,78.14,1769,9,0,732,2,B8
245,7,H1NE07896,332,70.5,6.045,5.619,59.08,77.85,441,9,0,735,2,B8
246,7,H1NE07897,335.2,70.7,6.082,5.65,59.32,77.98,1544,9,0,738,2,B8
247,7,H1NE07893,332,70.5,6.075,5.614,59.14,77.54,244,9,0,741,2,B8
248,7,H1NE07895,335.4,70.8,6.082,5.65,59.36,77.94,1545,9,0,744,2,B8
249,7,H1NE07891,332,70.4,6.035,5.618,59.1,78.11,391,9,0,747,2,B8
250,7,H1NE07898,335.6,70.7,6.091,5.656,59.35,77.91,1814,9,0,750,2,B8
251,7,H1NE07901,332.2,70.5,6.045,5.621,59.1,77.94,527,9,0,753,2,B8
252,7,H1NE07899,334.8,70.8,6.072,5.65,59.26,77.9,1539,9,0,756,2,B8
253,7,H1NE07890,335.1,70.6,6.083,5.653,59.29,78.03,1669,9,0,759,2,B9
254,7,H1NE07903,330.5,70.7,6.052,5.613,58.87,77.29,202,9,0,762,2,B9
255,7,H1NE07889,335.6,70.7,6.084,5.66,59.29,78.01,1954,9,0,765,2,B9
256,7,H1NE07907,332.7,70.6,6.073,5.622,59.19,77.6,569,9,0,768,2,B9
257,7,H1NE07887,335.4,70.6,6.09,5.659,59.27,77.98,1920,9,0,771,2,B9
258,7,H1NE07906,332.9,70.7,6.031,5.62,59.22,78.11,499,9,0,774,2,B9
259,7,H1NE07885,336.5,70.8,6.09,5.664,59.41,78.05,2054,9,0,777,2,B9
260,7,H1NE07882,336.1,70.8,6.093,5.665,59.33,77.96,2072,9,0,780,2,B9
261,7,H1NE07909,332.9,70.7,6.066,5.624,59.2,77.63,630,9,0,783,2,B9
262,7,H1NE07911,332.7,70.6,6.062,5.626,59.13,77.69,685,9,0,786,2,B9
263,7,H1NE07876,335.2,70.8,6.071,5.652,59.31,78.03,1636,9,0,789,2,B9
264,7,H1NE07912,332.8,70.7,6.061,5.621,59.21,77.67,534,9,0,792,2,B9
265,7,H1NE07913,332.3,70.5,6.077,5.622,59.1,77.51,559,9,0,795,2,B10
266,7,H1NE07860,334.5,70.7,6.069,5.642,59.28,77.92,1139,9,0,798,2,B10
267,7,H1NE07874,333.1,70.6,6.076,5.648,58.98,77.7,1430,9,0,801,2,B10
268,7,H1NE07862,334.5,70.7,6.063,5.649,59.22,77.99,1486,9,0,804,2,B10
269,7,H1NE07859,334.1,70.8,6.068,5.647,59.16,77.8,1393,9,0,807,2,B10
270,7,H1NE07873,333.2,70.5,6.065,5.655,58.91,77.9,1752,9,0,810,2,B10
271,7,H1NE07861,331.5,70.6,6.032,5.603,59.17,77.86,30,9,0,813,2,B10
272,7,H1NE07883,334.8,70.8,6.082,5.661,59.14,77.8,1977,9,0,816,2,B10
273,7,H1NE07845,331.2,70.5,6.072,5.602,59.12,77.31,23,9,0,819,2,B10
274,7,H1NE07884,334.6,70.7,6.074,5.658,59.14,77.89,1873,9,0,822,2,B10
275,7,H1NE07863,332.2,70.6,6.02,5.604,59.27,78.12,41,9,0,825,2,B10
276,7,H1NE07875,334.7,70.7,6.085,5.66,59.14,77.76,1942,9,0,828,2,B10
277,7,H1NE07879,335.3,70.8,6.085,5.661,59.23,77.84,1981,9,0,831,2,B11
278,7,H1NE07881,335.1,70.7,6.074,5.665,59.15,78.02,2067,9,0,834,2,B11
279,7,H1NE07865,331.9,70.5,6.031,5.607,59.19,78.02,72,9,0,837,2,B11
280,7,GZNE29174,336,70.7,6.081,5.663,59.33,78.13,2031,9,0,840,2,B11
281,8,H1NE07953,335.4,70.8,6.067,5.652,59.34,78.06,1638,10,0,843,2,B11
282,8,H1NE07964,332.4,70.7,6.043,5.61,59.25,77.8,140,10,0,846,2,B11
283,8,H1NE07962,335.7,70.9,6.083,5.645,59.47,77.89,1300,10,0,849,2,B11
284,8,H1NE07968,335,70.8,6.066,5.646,59.34,77.99,1346,10,0,852,2,B11
285,8,H1NE07864,335.1,70.7,6.064,5.651,59.3,78.19,1591,10,0,855,2,B11
286,8,H1NE07910,332,70.6,6.056,5.617,59.1,77.66,350,10,0,858,2,B11
287,8,H1NE07914,332.1,70.5,6.08,5.646,58.83,77.46,1317,10,0,861,2,B11
288,8,H1NE07870,331,70.6,6.04,5.605,59.06,77.67,47,10,0,864,2,B11
289,8,H1NE07813,334,70.6,6.078,5.652,59.1,77.88,1616,10,0,867,2,B12
290,8,H1NE07933,332.6,70.7,6.052,5.612,59.27,77.72,186,10,0,870,2,B12
291,8,H1NE07936,334.7,70.7,6.063,5.65,59.23,78.08,1537,10,0,873,2,B12
292,8,H1NE07934,332.5,70.7,6.054,5.614,59.23,77.67,249,10,0,876,2,B12
293,8,H1NE07915,334.7,70.7,6.072,5.652,59.23,77.95,1628,10,0,879,2,B12
294,8,H1NE07800,332,70.7,6.034,5.608,59.21,77.83,89,10,0,882,2,B12
295,8,H1NE07938,334.4,70.6,6.069,5.652,59.16,78.05,1623,10,0,885,2,B12
296,8,H1NE07937,331.8,70.7,6.043,5.615,59.09,77.7,274,10,0,888,2,B12
297,8,H1NE07916,332.3,70.7,6.043,5.612,59.21,77.83,185,10,0,891,2,B12
298,8,H1NE07917,334.2,70.6,6.085,5.652,59.14,77.81,1620,10,0,894,2,B12
299,8,H1NE07908,332.2,70.6,6.051,5.616,59.15,77.75,318,10,0,897,2,B12
300,8,H1NE07918,334.7,70.6,6.068,5.654,59.2,78.1,1716,10,0,900,2,B12
301,8,H1NE07939,333,70.7,6.052,5.615,59.3,77.81,291,10,0,903,2,B13
302,8,H1NE07809,334.3,70.6,6.084,5.646,59.22,77.84,1340,10,0,906,2,B13
303,8,H1NE07940,333.1,70.7,6.032,5.617,59.3,78.1,364,10,0,909,2,B13
304,8,H1NE07920,334.8,70.7,6.078,5.647,59.29,77.9,1402,10,0,912,2,B13
305,8,H1NE07941,332.8,70.6,6.044,5.617,59.25,78,361,10,0,915,2,B13
306,8,H1NE07943,332.9,70.7,6.042,5.609,59.34,77.88,121,10,0,918,2,B13
307,8,H1NE07945,335.4,70.8,6.072,5.649,59.38,78.07,1496,10,0,921,2,B13
308,8,H1NE07944,332.6,70.7,6.069,5.613,59.24,77.54,217,10,0,924,2,B13
309,8,H1NE07946,333.2,70.8,6.069,5.647,59,77.52,1387,10,0,927,2,B13
310,8,H1NE07921,332.1,70.5,6.053,5.617,59.13,77.8,352,10,0,930,2,B13
311,8,H1NE07922,332.2,70.5,6.039,5.617,59.14,77.99,353,10,0,933,2,B13
312,8,H1NE07923,332.5,70.6,6.062,5.617,59.19,77.69,359,10,0,936,2,B13
313,8,H1NE07925,335.3,70.7,6.088,5.653,59.31,77.91,1676,10,0,939,3,C1
314,8,H1NE07924,331.2,70.6,6.059,5.614,58.99,77.38,240,10,0,942,3,C1
315,8,H1NE07886,335.6,70.6,6.081,5.662,59.28,78.17,2004,10,0,945,3,C1
316,8,H1NE07927,332.6,70.6,6.069,5.619,59.19,77.61,445,10,0,948,3,C1
317,8,H1NE07878,332.7,70.5,6.076,5.628,59.12,77.71,727,10,0,951,3,C1
318,8,H1NE07904,334.1,70.7,6.078,5.656,59.07,77.77,1795,10,0,954,3,C1
319,8,H1NE07902,335,70.7,6.085,5.657,59.22,77.86,1836,10,0,957,3,C1
320,8,GZNE29279,332.3,70.6,6.093,5.618,59.15,77.2,392,10,0,960,3,C1
321,9,H1NE07971,332.3,70.7,6.044,5.608,59.25,77.78,92,6,0,963,3,C1
322,9,H1NE07972,334.9,70.7,6.083,5.65,59.28,77.86,1540,6,0,966,3,C1
323,9,H1NE07976,332.5,70.7,6.047,5.611,59.26,77.74,164,6,0,969,3,C1
324,9,H1NE07973,334.8,70.8,6.068,5.646,59.29,77.92,1344,6,0,972,3,C1
325,9,H1NE07979,332.5,70.7,6.065,5.613,59.24,77.53,215,6,0,975,3,C2
326,9,H1NE07980,335.2,70.8,6.066,5.648,59.35,78.06,1443,6,0,978,3,C2
327,9,H1NE07983,332.5,70.7,6.054,5.611,59.26,77.67,165,6,0,981,3,C2
328,9,H1NE07985,335.5,70.8,6.072,5.65,59.39,78.02,1546,6,0,984,3,C2
329,9,H1NE07987,333.5,70.7,6.052,5.619,59.36,77.9,467,6,0,987,3,C2
330,9,H1NE07977,335.7,70.8,6.067,5.652,59.39,78.1,1639,6,0,990,3,C2
331,9,H1NE07990,333,70.7,6.055,5.616,59.3,77.76,329,6,0,993,3,C2
332,9,H1NE07994,335.6,70.8,6.064,5.648,59.43,78.17,1448,6,0,996,3,C2
333,9,H1NE07992,333.6,70.8,6.069,5.617,59.38,77.67,379,6,0,999,3,C2
334,9,H1NE07950,335,70.8,6.065,5.646,59.33,78.01,1347,6,0,1002,3,C2
335,9,H1NE07956,334.8,70.7,6.051,5.648,59.28,78.22,1439,6,0,1005,3,C2
336,9,H1NE07993,331.9,70.7,6.044,5.613,59.13,77.7,208,6,0,1008,3,C2
337,9,H1NE07948,332.1,70.7,6.05,5.609,59.2,77.68,107,6,0,1011,3,C3
338,9,H1NE07947,330.8,70.7,6.052,5.601,59.05,77.27,16,6,0,1014,3,C3
339,9,H1NE07961,334.7,70.8,6.069,5.646,59.27,77.88,1343,6,0,1017,3,C3
340,9,H1NE07952,332.1,70.7,6.059,5.609,59.21,77.56,108,6,0,1020,3,C3
341,9,H1NE07974,335.2,70.8,6.068,5.648,59.36,78,1444,6,0,1023,3,C3
342,9,H1NE07958,332.3,70.7,6.027,5.608,59.26,77.98,93,6,0,1026,3,C3
343,9,H1NE07978,335.9,70.8,6.09,5.655,59.4,77.87,1779,6,0,1029,3,C3
344,9,H1NE07955,331.4,70.7,6.045,5.61,59.07,77.56,131,6,0,1032,3,C3
345,9,H1NE07963,332.4,70.7,6.042,5.606,59.29,77.83,58,6,0,1035,3,C3
346,9,H1NE07966,332.4,70.7,6.044,5.613,59.22,77.84,213,6,0,1038,3,C3
347,9,H1NE07965,335,70.8,6.068,5.647,59.32,78.01,1403,6,0,1041,3,C3
348,9,H1NE07928,332.3,70.6,6.057,5.615,59.18,77.75,280,6,0,1044,3,C3
349,9,H1NE07929,332.1,70.5,6.046,5.614,59.16,77.93,245,6,0,1047,3,C4
350,9,H1NE07981,335.7,70.9,6.071,5.653,59.38,78.05,1684,6,0,1050,3,C4
351,9,H1NE07930,332.8,70.6,6.048,5.618,59.24,77.89,399,6,0,1053,3,C4
352,9,H1NE07932,333.1,70.7,6.054,5.614,59.33,77.79,258,6,0,1056,3,C4
353,9,H1NE07984,335.9,70.9,6.084,5.654,59.42,77.92,1735,6,0,1059,3,C4
354,9,H1NE07949,332.5,70.7,6.05,5.615,59.21,77.75,282,6,0,1062,3,C4
355,9,H1NE07919,335.1,70.8,6.06,5.644,59.38,78.15,1245,6,0,1065,3,C4
356,9,H1NE07954,332.6,70.7,6.062,5.618,59.21,77.63,396,6,0,1068,3,C4
357,9,H1NE07935,335.7,70.8,6.073,5.655,59.37,78.09,1777,6,0,1071,3,C4
358,9,H1NE07957,332.5,70.7,6.047,5.611,59.26,77.79,166,6,0,1074,3,C4
359,9,H1NE07951,335.6,70.8,6.077,5.653,59.36,77.98,1682,6,0,1077,3,C4
360,9,GZNE29312,335,70.7,6.1,5.665,59.13,77.67,2065,6,0,1080,3,C4
361,10,H1NE08040,333.8,70.8,6.089,5.617,59.43,77.48,382,7,0,1083,3,C5
362,10,H1NE08049,336.8,71,6.072,5.65,59.62,78.15,1555,7,0,1086,3,C5
363,10,H1NE08043,333.8,70.8,6.053,5.612,59.47,77.83,200,7,0,1089,3,C5
364,10,H1NE08031,337,71,6.078,5.652,59.62,78.12,1649,7,0,1092,3,C5
365,10,H1NE08048,333.5,70.8,6.063,5.62,59.34,77.71,511,7,0,1095,3,C5
366,10,H1NE07986,335.3,70.8,6.067,5.642,59.44,78.04,1140,7,0,1098,3,C5
367,10,H1NE08046,334.1,70.9,6.042,5.616,59.49,78,343,7,0,1101,3,C5
368,10,H1NE07988,332.8,70.7,6.049,5.614,59.28,77.86,253,7,0,1104,3,C5
369,10,H1NE07982,331.9,70.8,6.05,5.613,59.13,77.52,209,7,0,1107,3,C5
370,10,H1NE07989,335.9,70.9,6.06,5.648,59.47,78.22,1453,7,0,1110,3,C5
371,10,H1NE08012,333.6,70.8,6.051,5.612,59.43,77.84,197,7,0,1113,3,C5
372,10,H1NE07991,335.5,70.8,6.078,5.65,59.38,77.96,1547,7,0,1116,3,C5
373,10,H1NE08017,333.1,70.8,6.065,5.616,59.32,77.63,332,7,0,1119,3,C6
374,10,H1NE08014,336.5,70.9,6.072,5.652,59.53,78.14,1645,7,0,1122,3,C6
375,10,H1NE08003,333,70.8,6.053,5.616,59.29,77.73,330,7,0,1125,3,C6
376,10,H1NE08016,336.7,70.9,6.083,5.655,59.53,78.06,1783,7,0,1128,3,C6
377,10,H1NE08005,336.8,71,6.078,5.653,59.59,78.11,1693,7,0,1131,3,C6
378,10,H1NE08021,336.9,70.9,6.085,5.658,59.55,78.11,1896,7,0,1134,3,C6
379,10,H1NE07998,332.7,70.7,6.048,5.616,59.25,77.8,323,7,0,1137,3,C6
380,10,H1NE08025,336.7,70.9,6.075,5.653,59.55,78.16,1692,7,0,1140,3,C6
381,10,H1NE08019,333.5,70.7,6.075,5.618,59.35,77.61,412,7,0,1143,3,C6
382,10,H1NE08027,336.8,70.9,6.072,5.654,59.58,78.19,1743,7,0,1146,3,C6
383,10,H1NE07997,333.3,70.7,6.048,5.615,59.36,77.94,298,7,0,1149,3,C6
384,10,H1NE07995,336.1,70.8,6.075,5.656,59.42,78.12,1821,7,0,1152,3,C6
385,10,H1NE07999,332.9,70.7,6.052,5.618,59.26,77.83,400,7,0,1155,3,C7
386,10,H1NE08000,333,70.7,6.044,5.615,59.3,77.92,292,7,0,1158,3,C7
387,10,H1NE07996,336.2,70.9,6.057,5.643,59.58,78.31,1189,7,0,1161,3,C7
388,10,H1NE08004,335.5,70.8,6.072,5.645,59.43,78.04,1299,7,0,1164,3,C7
389,10,H1NE08002,332.9,70.7,6.055,5.613,59.31,77.75,222,7,0,1167,3,C7
390,10,H1NE08006,333.1,70.7,6.059,5.613,59.34,77.72,224,7,0,1170,3,C7
391,10,H1NE08008,336.1,70.9,6.075,5.654,59.44,78.05,1737,7,0,1173,3,C7
392,10,H1NE08001,335.9,70.9,6.074,5.649,59.46,78.03,1497,7,0,1176,3,C7
393,10,H1NE08010,333.4,70.8,6.043,5.614,59.37,77.95,264,7,0,1179,3,C7
394,10,H1NE08009,333.1,70.8,6.062,5.651,58.95,77.57,1569,7,0,1182,3,C7
395,10,H1NE08015,333.3,70.8,6.051,5.615,59.35,77.83,299,7,0,1185,3,C7
396,10,H1NE08011,333.4,70.8,6.052,5.612,59.4,77.83,194,7,0,1188,3,C7
397,10,H1NE08007,335.8,70.9,6.063,5.648,59.45,78.13,1451,7,0,1191,3,C8
398,10,H1NE08013,333.2,70.7,6.042,5.615,59.33,77.95,296,7,0,1194,3,C8
399,10,H1NE07969,332.6,70.8,6.042,5.608,59.3,77.78,94,7,0,1197,3,C8
400,10,GZNE29348,336,70.9,6.088,5.656,59.41,77.82,1820,7,0,1200,3,C8
401,11,H1NE08039,333.4,70.8,6.068,5.61,59.42,77.64,147,11,0,1203,3,C8
402,11,H1NE08037,333.9,70.8,6.061,5.618,59.43,77.82,428,11,0,1206,3,C8
403,11,H1NE08041,336.6,70.9,6.074,5.651,59.56,78.21,1605,11,0,1209,3,C8
404,11,H1NE08034,333.7,70.8,6.063,5.619,59.39,77.79,475,11,0,1212,3,C8
405,11,H1NE08036,337,70.9,6.068,5.655,59.6,78.34,1785,11,0,1215,3,C8
406,11,H1NE08032,336.1,70.9,6.068,5.644,59.55,78.16,1250,11,0,1218,3,C8
407,11,H1NE07905,332,70.6,6.043,5.617,59.1,77.83,351,11,0,1221,3,C8
408,11,H1NE07931,332.5,70.6,6.051,5.614,59.22,77.77,250,11,0,1224,3,C8
409,11,H1NE08062,333.1,70.7,6.054,5.621,59.26,77.83,542,11,0,1227,3,C9
410,11,H1NE08057,333.8,70.8,6.028,5.615,59.44,78.17,309,11,0,1230,3,C9
411,11,H1NE08035,333.8,70.8,6.056,5.616,59.43,77.87,341,11,0,1233,3,C9
412,11,H1NE08060,333.9,70.8,6.075,5.653,59.07,77.6,1660,11,0,1236,3,C9
413,11,H1NE08030,331.4,70.8,6.05,5.613,59.04,77.39,203,11,0,1239,3,C9
414,11,H1NE08054,336.3,70.9,6.076,5.654,59.48,78.12,1741,11,0,1242,3,C9
415,11,H1NE07926,332.7,70.6,6.034,5.618,59.21,78.07,397,11,0,1245,3,C9
416,11,H1NE08033,336.3,70.9,6.068,5.651,59.52,78.2,1602,11,0,1248,3,C9
417,11,H1NE07975,332.8,70.7,6.061,5.615,59.27,77.65,288,11,0,1251,3,C9
418,11,H1NE08023,336.5,70.9,6.078,5.654,59.51,78.13,1742,11,0,1254,3,C9
419,11,H1NE08026,333.7,70.8,6.053,5.617,59.41,77.87,381,11,0,1257,3,C9
420,11,H1NE08028,336,70.9,6.068,5.646,59.52,78.14,1353,11,0,1260,3,C9
421,11,H1NE08024,333.5,70.8,6.062,5.615,59.4,77.7,303,11,0,1263,3,C10
422,11,H1NE08018,335.6,70.8,6.071,5.653,59.36,78.05,1683,11,0,1266,3,C10
423,11,H1NE08022,333.5,70.8,6.047,5.614,59.41,77.92,265,11,0,1269,3,C10
424,11,H1NE08020,336.3,70.9,6.079,5.651,59.51,78.07,1603,11,0,1272,3,C10
425,11,H1NE08067,336.6,70.9,6.067,5.655,59.52,78.29,1781,11,0,1275,3,C10
426,11,H1NE08064,333.7,70.8,6.066,5.619,59.39,77.73,476,11,0,1278,3,C10
427,11,H1NE08063,333.8,70.8,6.064,5.644,59.14,77.71,1239,11,0,1281,3,C10
428,11,H1NE08059,336.2,70.9,6.065,5.65,59.51,78.24,1553,11,0,1284,3,C10
429,11,H1NE08065,331.6,70.8,6.042,5.607,59.13,77.53,71,11,0,1287,3,C10
430,11,H1NE08061,333.3,70.7,6.058,5.619,59.32,77.79,462,11,0,1290,3,C10
431,11,H1NE08056,335.9,70.9,6.069,5.652,59.43,78.09,1642,11,0,1293,3,C10
432,11,H1NE08058,333.2,70.8,6.046,5.614,59.36,77.9,261,11,0,1296,3,C10
433,11,H1NE08038,335.8,70.8,6.067,5.643,59.5,78.15,1187,11,0,1299,3,C11
434,11,H1NE08053,336.4,70.9,6.069,5.651,59.54,78.21,1604,11,0,1302,3,C11
435,11,H1NE08055,333.7,70.8,6.056,5.613,59.46,77.81,232,11,0,1305,3,C11
436,11,H1NE08052,334,70.8,6.064,5.645,59.16,77.74,1291,11,0,1308,3,C11
437,11,H1NE08051,332.6,70.7,6.06,5.61,59.29,77.6,141,11,0,1311,3,C11
438,11,H1NE08047,335.8,70.9,6.062,5.645,59.49,78.12,1301,11,0,1314,3,C11
439,11,H1NE08050,333.1,70.8,6.045,5.608,59.4,77.87,100,11,0,1317,3,C11
440,11,GZNE29296,335.7,70.7,6.102,5.664,59.27,77.79,2049,11,0,1320,3,C11
441,12,H1NE07869,331.9,70.6,6.041,5.614,59.11,77.81,243,12,0,1323,3,C11
442,12,H1NE07871,331.7,70.5,6.059,5.615,59.06,77.61,273,12,0,1326,3,C11
443,12,H1NE07847,331.6,70.6,6.047,5.611,59.08,77.69,154,12,0,1329,3,C11
444,12,H1NE07848,331.2,70.6,6.038,5.595,59.19,77.68,3,12,0,1332,3,C11
445,12,H1NE07857,331.7,70.7,6.028,5.603,59.2,77.86,32,12,0,1335,3,C12
446,12,H1NE07856,331.8,70.5,6.026,5.61,59.14,78.16,135,12,0,1338,3,C12
447,12,H1NE07868,332.4,70.6,6.047,5.614,59.2,77.87,246,12,0,1341,3,C12
448,12,H1NE07872,331.4,70.6,6.049,5.606,59.12,77.61,56,12,0,1344,3,C12
449,12,H1NE07838,335.1,70.8,6.075,5.653,59.28,77.86,1670,12,0,1347,3,C12
450,12,H1NE07839,333.8,70.7,6.064,5.65,59.09,77.84,1530,12,0,1350,3,C12
451,12,H1NE07837,332.8,70.8,6.067,5.636,59.05,77.5,928,12,0,1353,3,C12
452,12,H1NE07842,333.8,70.8,6.077,5.641,59.17,77.56,1107,12,0,1356,3,C12
453,12,H1NE07835,334.3,70.8,6.063,5.649,59.17,77.87,1483,12,0,1359,3,C12
454,12,H1NE07844,333.5,70.6,6.056,5.654,58.99,77.99,1707,12,0,1362,3,C12
455,12,H1NE07851,333.5,70.6,6.076,5.653,59,77.74,1657,12,0,1365,3,C12
456,12,H1NE07852,332.8,70.7,6.08,5.651,58.9,77.46,1566,12,0,1368,3,C12
457,12,H1NE07867,331.3,70.5,6.057,5.611,59.05,77.55,151,12,0,1371,3,C13
458,12,H1NE07850,333.7,70.6,6.073,5.649,59.07,77.84,1479,12,0,1374,3,C13
459,12,H1NE07841,332.3,70.7,6.062,5.638,58.94,77.56,983,12,0,1377,3,C13
460,12,H1NE07843,333.9,70.8,6.066,5.646,59.15,77.8,1337,12,0,1380,3,C13
461,12,H1NE07846,334.4,70.7,6.085,5.657,59.11,77.7,1830,12,0,1383,3,C13
462,12,H1NE07853,334.3,70.7,6.068,5.651,59.16,77.92,1579,12,0,1386,3,C13
463,12,H1NE07855,333.8,70.8,6.067,5.643,59.15,77.67,1178,12,0,1389,3,C13
464,12,H1NE07858,333.3,70.7,6.062,5.64,59.09,77.71,1069,12,0,1392,3,C13
465,12,H1NE07827,332.2,70.6,6.027,5.609,59.22,78.02,109,12,0,1395,3,C13
466,12,H1NE07823,330.3,70.6,6.036,5.599,59,77.48,7,12,0,1398,3,C13
467,12,H1NE07828,331.7,70.7,6.041,5.605,59.17,77.67,48,12,0,1401,3,C13
468,12,H1NE07830,331.7,70.7,6.04,5.599,59.24,77.68,10,12,0,1404,3,C13
469,12,H1NE07832,331.5,70.6,6.019,5.603,59.17,77.97,31,12,0,1407,4,D1
470,12,H1NE07836,332.4,70.7,6.04,5.613,59.22,77.86,214,12,0,1410,4,D1
471,12,H1NE07833,332.3,70.7,6.052,5.61,59.23,77.66,138,12,0,1413,4,D1
472,12,H1NE07840,332.1,70.6,6.043,5.612,59.17,77.81,181,12,0,1416,4,D1
473,12,H1NE07849,332,70.6,6.032,5.603,59.25,77.9,34,12,0,1419,4,D1
474,12,H1NE07854,331.7,70.5,6.033,5.61,59.13,77.95,134,12,0,1422,4,D1
475,12,H1NE07804,331,70.5,6.044,5.604,59.06,77.68,37,12,0,1425,4,D1
476,12,H1NE07803,331.1,70.4,6.06,5.621,58.9,77.65,522,12,0,1428,4,D1
477,12,H1NE07808,331.8,70.5,6.051,5.614,59.1,77.73,242,12,0,1431,4,D1
478,12,H1NE07814,332,70.5,6.043,5.621,59.06,77.88,525,12,0,1434,4,D1
479,12,H1NE07799,333.7,70.7,6.05,5.64,59.17,77.99,1071,12,0,1437,4,D1
480,12,GZNE29103,333,70.5,6.069,5.634,59.11,77.77,880,12,0,1440,4,D1
481,13,H1NE06971,333.8,70.7,6.064,5.626,59.33,77.82,693,13,0,1443,4,D2
482,13,H1NE06980,334,70.8,6.06,5.617,59.46,77.88,387,13,0,1446,4,D2
483,13,H1NE06983,334.1,70.8,6.071,5.617,59.49,77.73,388,13,0,1449,4,D2
484,13,H1NE06986,334.1,70.8,6.068,5.617,59.48,77.8,389,13,0,1452,4,D2
485,13,H1NE06989,333.5,70.7,6.075,5.619,59.35,77.67,468,13,0,1455,4,D2
486,13,H1NE06997,336.2,70.8,6.065,5.657,59.43,78.31,1851,13,0,1458,4,D2
487,13,H1NE06993,333.7,70.8,6.044,5.613,59.45,78.03,233,13,0,1461,4,D2
488,13,H1NE06937,334.7,70.8,6.062,5.626,59.5,78.02,696,13,0,1464,4,D2
489,13,H1NE06909,337.2,70.8,6.089,5.659,59.58,78.17,1931,13,0,1467,4,D2
490,13,H1NE06944,334.7,70.7,6.06,5.629,59.46,78.14,763,13,0,1470,4,D2
491,13,H1NE06945,337,70.7,6.079,5.664,59.49,78.36,2058,13,0,1473,4,D2
492,13,H1NE06956,333.8,70.7,6.085,5.627,59.33,77.62,712,13,0,1476,4,D2
493,13,H1NE06957,333.6,70.6,6.05,5.627,59.29,78.07,710,13,0,1479,4,D3
494,13,H1NE06949,336.9,70.9,6.07,5.656,59.57,78.29,1823,13,0,1482,4,D3
495,13,H1NE06958,334,70.7,6.066,5.622,59.4,77.83,586,13,0,1485,4,D3
496,13,H1NE06960,336.9,70.8,6.091,5.664,59.48,78.15,2057,13,0,1488,4,D3
497,13,H1NE06954,334.2,70.7,6.086,5.628,59.38,77.68,739,13,0,1491,4,D3
498,13,H1NE06968,337,70.8,6.078,5.662,59.52,78.3,2012,13,0,1494,4,D3
499,13,H1NE06966,334.3,70.7,6.08,5.627,59.41,77.77,716,13,0,1497,4,D3
500,13,H1NE06975,337.4,71,6.084,5.658,59.63,78.14,1899,13,0,1500,4,D3
501,13,H1NE06963,334.1,70.7,6.079,5.627,59.37,77.76,713,13,0,1503,4,D3
502,13,H1NE06938,336.7,71,6.097,5.657,59.52,77.8,1854,13,0,1506,4,D3
503,13,H1NE06972,334.9,70.8,6.063,5.624,59.54,78,647,13,0,1509,4,D3
504,13,H1NE06943,337.3,70.9,6.078,5.659,59.59,78.28,1932,13,0,1512,4,D3
505,13,H1NE06977,333.5,70.8,6.044,5.618,59.37,77.99,413,13,0,1515,4,D4
506,13,H1NE06940,334.6,70.8,6.058,5.622,59.52,78.03,591,13,0,1518,4,D4
507,13,H1NE06955,333.2,70.6,6.083,5.621,59.28,77.56,544,13,0,1521,4,D4
508,13,H1NE06946,333.8,70.6,6.044,5.624,59.35,78.22,643,13,0,1524,4,D4
509,13,H1NE06953,336,70.8,6.068,5.65,59.47,78.27,1549,13,0,1527,4,D4
510,13,H1NE06947,334.1,70.6,6.076,5.627,59.38,77.87,714,13,0,1530,4,D4
511,13,H1NE06873,335.9,70.7,6.074,5.656,59.38,78.19,1819,13,0,1533,4,D4
512,13,H1NE06952,333.5,70.6,6.084,5.625,59.3,77.63,667,13,0,1536,4,D4
513,13,H1NE06959,336.7,70.8,6.083,5.661,59.47,78.19,1992,13,0,1539,4,D4
514,13,H1NE06965,333.4,70.7,6.059,5.624,59.28,77.81,633,13,0,1542,4,D4
515,13,H1NE06967,337.5,70.9,6.083,5.66,59.62,78.25,1965,13,0,1545,4,D4
516,13,H1NE06961,336.7,70.8,6.086,5.663,59.45,78.13,2034,13,0,1548,4,D4
517,13,H1NE06962,334.3,70.7,6.065,5.626,59.43,77.94,694,13,0,1551,4,D5
518,13,H1NE06919,334.8,70.7,6.088,5.632,59.45,77.74,833,13,0,1554,4,D5
519,13,H1NE06964,334,70.7,6.065,5.628,59.35,77.91,738,13,0,1557,4,D5
520,13,GZNE29700,335.7,70.7,6.097,5.668,59.22,77.88,2102,13,0,1560,4,D5
521,14,H1NE06917,334.4,70.7,6.058,5.632,59.38,78.07,830,14,0,1563,4,D5
522,14,H1NE06918,335,70.8,6.062,5.63,59.51,78.08,785,14,0,1566,4,D5
523,14,H1NE06911,337.5,70.9,6.084,5.662,59.61,78.26,2013,14,0,1569,4,D5
524,14,H1NE06920,335,70.7,6.059,5.633,59.47,78.15,860,14,0,1572,4,D5
525,14,H1NE06907,337.3,70.9,6.088,5.661,59.58,78.17,1995,14,0,1575,4,D5
526,14,H1NE06914,337.3,70.9,6.092,5.664,59.54,78.12,2060,14,0,1578,4,D5
527,14,H1NE06908,334.8,70.8,6.066,5.629,59.48,78.01,764,14,0,1581,4,D5
528,14,H1NE06921,337.9,70.8,6.097,5.668,59.6,78.22,2111,14,1,1584,4,D5
529,14,H1NE06923,335.3,70.8,6.069,5.631,59.54,77.98,807,14,0,1587,4,D6
530,14,H1NE06922,337.7,70.9,6.097,5.665,59.61,78.17,2076,14,1,1590,4,D6
531,14,H1NE06924,334.9,70.7,6.069,5.633,59.45,78,859,14,0,1593,4,D6
532,14,H1NE06916,337.3,70.8,6.099,5.666,59.53,78.09,2086,14,0,1596,4,D6
533,14,H1NE06915,336.9,70.8,6.096,5.657,59.56,78.04,1856,14,0,1599,4,D6
534,14,H1NE06934,335,70.8,6.079,5.625,59.55,77.82,676,14,0,1602,4,D6
535,14,H1NE06912,334.5,70.8,6.084,5.662,59.08,77.62,2000,14,0,1605,4,D6
536,14,H1NE06925,334.9,70.8,6.061,5.63,59.47,78.07,784,14,0,1608,4,D6
537,14,H1NE06913,338,70.9,6.106,5.67,59.61,78.11,2137,14,1,1611,4,D6
538,14,H1NE06926,332,70.9,6.055,5.631,58.95,77.38,789,14,0,1614,4,D6
539,14,H1NE06935,335.8,70.9,6.069,5.631,59.62,78.07,808,14,0,1617,4,D6
540,14,H1NE06928,335.1,70.8,6.077,5.627,59.54,77.84,721,14,0,1620,4,D6
541,14,H1NE06910,338.1,70.9,6.103,5.665,59.69,78.1,2077,14,1,1623,4,D7
542,14,H1NE06930,337.9,70.9,6.088,5.671,59.57,78.3,2146,14,1,1626,4,D7
543,14,H1NE06931,333.6,70.7,6.1,5.63,59.26,77.32,777,14,0,1629,4,D7
544,14,H1NE06927,337.8,70.9,6.101,5.669,59.58,78.1,2122,14,1,1632,4,D7
545,14,H1NE06941,334.7,70.8,6.098,5.625,59.49,77.51,672,14,0,1635,4,D7
546,14,H1NE06936,337.9,70.9,6.095,5.666,59.64,78.2,2087,14,1,1638,4,D7
547,14,H1NE06929,334.5,70.7,6.084,5.627,59.44,77.72,719,14,0,1641,4,D7
548,14,H1NE06932,337.4,70.9,6.085,5.659,59.62,78.22,1933,14,0,1644,4,D7
549,14,H1NE06933,335.1,70.8,6.069,5.627,59.56,77.96,722,14,0,1647,4,D7
550,14,H1NE06942,337.6,70.9,6.092,5.663,59.61,78.15,2035,14,1,1650,4,D7
551,14,H1NE06939,337.6,70.9,6.081,5.655,59.7,78.27,1786,14,1,1653,4,D7
552,14,H1NE06882,334.1,70.7,6.069,5.629,59.34,77.89,761,14,0,1656,4,D7
553,14,H1NE06884,334.5,70.8,6.055,5.627,59.45,78.08,720,14,0,1659,4,D8
554,14,H1NE06881,337.1,70.8,6.075,5.665,59.5,78.31,2074,14,0,1662,4,D8
555,14,H1NE06886,334.5,70.8,6.065,5.622,59.5,77.93,590,14,0,1665,4,D8
556,14,H1NE06879,336.3,70.8,6.092,5.662,59.41,78.02,2010,14,0,1668,4,D8
557,14,H1NE06888,334.6,70.7,6.061,5.632,59.41,78.14,831,14,0,1671,4,D8
558,14,H1NE06845,333,70.7,6.094,5.661,58.83,77.31,1966,14,0,1674,4,D8
559,14,H1NE06887,334.2,70.6,6.082,5.629,59.36,77.81,762,14,0,1677,4,D8
560,14,GZNE29635,332.1,70.7,6.057,5.615,59.15,77.55,276,14,0,1680,4,D8
561,15,H1NE06796,337,70.7,6.096,5.673,59.41,78.16,2155,15,0,1683,4,D8
562,15,H1NE06799,336.9,70.7,6.089,5.67,59.41,78.23,2132,15,0,1686,4,D8
563,15,H1NE06803,333.9,70.7,6.086,5.629,59.32,77.65,758,15,0,1689,4,D8
564,15,H1NE06745,336.5,70.7,6.096,5.664,59.42,78.06,2055,15,0,1692,4,D8
565,15,H1NE06753,333.2,70.8,6.05,5.615,59.34,77.84,297,15,0,1695,4,D9
566,15,H1NE06772,336.6,70.8,6.089,5.665,59.42,78.07,2073,15,0,1698,4,D9
567,15,H1NE06750,332.5,70.6,6.075,5.625,59.12,77.56,654,15,0,1701,4,D9
568,15,H1NE06770,335.9,70.7,6.094,5.664,59.3,77.97,2052,15,0,1704,4,D9
569,15,H1NE06757,333,70.7,6.034,5.621,59.24,78.03,539,15,0,1707,4,D9
570,15,H1NE06795,336.8,70.8,6.087,5.664,59.46,78.18,2056,15,0,1710,4,D9
571,15,H1NE06806,336.5,70.8,6.088,5.663,59.42,78.07,2033,15,0,1713,4,D9
572,15,H1NE06775,333,70.7,6.042,5.617,59.28,77.99,363,15,0,1716,4,D9
573,15,H1NE06751,333.6,70.6,6.094,5.666,58.88,77.53,2078,15,0,1719,4,D9
574,15,H1NE06768,332.7,70.6,6.06,5.619,59.21,77.76,446,15,0,1722,4,D9
575,15,H1NE06807,336.5,70.7,6.093,5.668,59.37,78.07,2105,15,0,1725,4,D9
576,15,H1NE06781,336,70.7,6.09,5.66,59.37,78,1960,15,0,1728,4,D9
577,15,H1NE06765,336.3,70.8,6.095,5.659,59.42,77.92,1929,15,0,1731,4,D10
578,15,H1NE06769,336,70.7,6.076,5.654,59.42,78.16,1736,15,0,1734,4,D10
579,15,H1NE06743,335.5,70.8,6.072,5.65,59.38,78.09,1548,15,0,1737,4,D10
580,15,H1NE06767,331.8,70.5,6.064,5.62,59.05,77.66,487,15,0,1740,4,D10
581,15,H1NE06748,337.5,70.9,6.082,5.659,59.63,78.29,1934,15,0,1743,4,D10
582,15,H1NE06741,334.8,70.6,6.085,5.649,59.26,77.9,1491,15,0,1746,4,D10
583,15,H1NE06766,333.3,70.7,6.091,5.624,59.27,77.45,631,15,0,1749,4,D10
584,15,H1NE06744,335.6,70.7,6.109,5.658,59.31,77.71,1891,15,0,1752,4,D10
585,15,H1NE06746,333,70.5,6.04,5.626,59.19,78.15,687,15,0,1755,4,D10
586,15,H1NE06747,332.8,70.5,6.05,5.622,59.2,77.99,571,15,0,1758,4,D10
587,15,H1NE06749,335.5,70.7,6.091,5.663,59.23,77.95,2025,15,0,1761,4,D10
588,15,H1NE06763,332.8,70.6,6.07,5.623,59.18,77.67,603,15,0,1764,4,D10
589,15,H1NE06773,334.8,70.8,6.079,5.657,59.18,77.78,1832,15,0,1767,4,D11
590,15,H1NE06762,333,70.6,6.032,5.616,59.29,78.16,331,15,0,1770,4,D11
591,15,H1NE06758,335.4,70.9,6.08,5.653,59.34,77.87,1679,15,0,1773,4,D11
592,15,H1NE06760,333.9,70.8,6.076,5.617,59.44,77.66,385,15,0,1776,4,D11
593,15,H1NE06761,333,70.6,6.039,5.62,59.26,78.09,500,15,0,1779,4,D11
594,15,H1NE06756,336,70.9,6.082,5.659,59.37,77.96,1927,15,0,1782,4,D11
595,15,H1NE06771,333.1,70.6,6.082,5.625,59.2,77.58,661,15,0,1785,4,D11
596,15,H1NE06764,333,70.6,6.054,5.625,59.2,77.93,659,15,0,1788,4,D11
597,15,H1NE06755,336.5,70.9,6.077,5.652,59.53,78.06,1646,15,0,1791,4,D11
598,15,H1NE06774,333.1,70.7,6.024,5.619,59.28,78.22,454,15,0,1794,4,D11
599,15,H1NE06754,335.3,71,6.067,5.654,59.3,77.87,1725,15,0,1797,4,D11
600,15,GZNE29443,336.2,70.8,6.089,5.669,59.3,78,2119,15,0,1800,4,D11
601,16,H1NE06867,334.3,70.7,6.027,5.627,59.41,78.46,717,16,0,1803,4,D12
602,16,H1NE06868,336.6,70.9,6.09,5.669,59.38,78.01,2120,16,0,1806,4,D12
603,16,H1NE06870,337.1,70.8,6.079,5.668,59.48,78.31,2109,16,0,1809,4,D12
604,16,H1NE06869,333.9,70.7,6.048,5.628,59.32,78.12,736,16,0,1812,4,D12
605,16,H1NE06786,338.4,71,6.086,5.662,59.76,78.29,2014,16,1,1815,4,D12
606,16,H1NE06827,335.5,70.8,6.072,5.633,59.56,78.07,861,16,0,1818,4,D12
607,16,H1NE06872,337.4,70.9,6.097,5.67,59.5,78.1,2136,16,0,1821,4,D12
608,16,H1NE06876,334.5,70.7,6.081,5.631,59.4,77.77,806,16,0,1824,4,D12
609,16,H1NE06871,337.7,70.9,6.093,5.664,59.62,78.19,2061,16,1,1827,4,D12
610,16,H1NE06878,334,70.6,6.073,5.633,59.3,77.86,857,16,0,1830,4,D12
611,16,H1NE06862,337.3,70.8,6.1,5.671,59.47,78.08,2143,16,0,1833,4,D12
612,16,H1NE06880,334.6,70.7,6.065,5.632,59.41,78.03,832,16,0,1836,4,D12
613,16,H1NE06874,337.2,70.8,6.09,5.667,59.51,78.19,2094,16,0,1839,4,D13
614,16,H1NE06810,333.5,70.6,6.087,5.632,59.22,77.62,826,16,0,1842,4,D13
615,16,H1NE06838,334.8,70.7,6.104,5.665,59.1,77.54,2063,16,0,1845,4,D13
616,16,H1NE06877,334.8,70.8,6.069,5.659,59.17,77.95,1911,16,0,1848,4,D13
617,16,H1NE06817,336.6,70.7,6.088,5.656,59.51,78.15,1822,16,0,1851,4,D13
618,16,H1NE06815,334.1,70.7,6.068,5.621,59.43,77.87,555,16,0,1854,4,D13
619,16,H1NE06820,337.6,70.9,6.09,5.659,59.66,78.15,1935,16,1,1857,4,D13
620,16,H1NE06809,334.1,70.7,6.122,5.623,59.41,77.15,618,16,0,1860,4,D13
621,16,H1NE06829,338.1,71,6.095,5.666,59.67,78.18,2089,16,1,1863,4,D13
622,16,H1NE06822,334.9,70.9,6.063,5.618,59.6,77.93,434,16,0,1866,4,D13
623,16,H1NE06833,337.6,70.9,6.094,5.667,59.58,78.19,2095,16,1,1869,4,D13
624,16,H1NE06831,335,70.8,6.056,5.625,59.56,78.12,677,16,0,1872,4,D13
625,16,H1NE06839,337.3,70.8,6.091,5.671,59.48,78.22,2144,16,0,1875,5,E1
626,16,H1NE06836,333.6,70.6,6.059,5.627,59.28,77.94,711,16,0,1878,5,A1
627,16,H1NE06842,337.5,70.8,6.094,5.669,59.54,78.25,2121,16,0,1881,5,A1
628,16,H1NE06841,333.9,70.7,6.085,5.63,59.31,77.66,781,16,0,1884,5,A1
629,16,H1NE06846,332.5,70.6,6.084,5.627,59.1,77.38,703,16,0,1887,5,A1
630,16,H1NE06844,337.2,70.8,6.096,5.67,59.47,78.14,2135,16,0,1890,5,A1
631,16,H1NE06816,334.4,70.8,6.063,5.619,59.52,77.92,484,16,0,1893,5,A1
632,16,H1NE06818,334.3,70.7,6.065,5.623,59.46,77.93,619,16,0,1896,5,A1
633,16,H1NE06814,335.9,70.9,6.086,5.658,59.37,77.88,1892,16,0,1899,5,A1
634,16,H1NE06819,334.9,70.8,6.065,5.625,59.54,77.99,673,16,0,1902,5,A1
635,16,H1NE06776,336.2,70.8,6.074,5.658,59.43,78.15,1894,16,0,1905,5,A1
636,16,H1NE06821,334.6,70.8,6.07,5.622,59.52,77.87,592,16,0,1908,5,A1
637,16,H1NE06783,336.7,70.8,6.064,5.657,59.52,78.39,1855,16,0,1911,5,A2
638,16,H1NE06787,337.3,71,6.074,5.649,59.72,78.23,1505,16,0,1914,5,A2
639,16,H1NE06791,334.9,70.8,6.071,5.625,59.54,77.89,674,16,0,1917,5,A2
640,16,GZNE29570,331.8,70.7,6.047,5.624,58.99,77.6,624,16,0,1920,5,A2
641,17,H1NE06683,335.2,70.7,6.09,5.658,59.23,77.86,1884,17,0,1923,5,A2
642,17,H1NE06681,333.2,70.7,6.085,5.625,59.24,77.42,664,17,0,1926,5,A2
643,17,H1NE06687,335,70.6,6.101,5.658,59.21,77.79,1877,17,0,1929,5,A2
644,17,H1NE06590,332.9,70.6,6.047,5.621,59.23,77.94,538,17,0,1932,5,A2
645,17,H1NE06639,332.4,70.6,6.066,5.617,59.17,77.56,357,17,0,1935,5,A2
646,17,H1NE06642,335.4,70.7,6.079,5.651,59.34,77.99,1597,17,0,1938,5,A2
647,17,H1NE06540,333.4,70.8,6.059,5.612,59.42,77.77,195,17,0,1941,5,A2
648,17,H1NE06637,334.7,70.7,6.066,5.644,59.29,78.01,1242,17,0,1944,5,A2
649,17,H1NE06643,335.1,70.6,6.087,5.665,59.16,77.98,2068,17,0,1947,5,A3
650,17,H1NE06656,334.4,70.5,6.087,5.659,59.08,77.86,1906,17,0,1950,5,A3
651,17,H1NE06645,335.7,70.7,6.105,5.669,59.23,77.8,2117,17,0,1953,5,A3
652,17,H1NE06649,335.7,70.7,6.106,5.665,59.26,77.79,2070,17,0,1956,5,A3
653,17,H1NE06657,330.4,70.4,6.065,5.624,58.75,77.36,621,17,0,1959,5,A3
654,17,H1NE06651,335,70.6,6.098,5.669,59.1,77.83,2113,17,0,1962,5,A3
655,17,H1NE06654,334.6,70.6,6.09,5.663,59.09,77.86,2018,17,0,1965,5,A3
656,17,H1NE06549,336.1,70.8,6.08,5.653,59.46,78.12,1689,17,0,1968,5,A3
657,17,H1NE06623,332.9,70.7,6.053,5.616,59.27,77.77,328,17,0,1971,5,A3
658,17,H1NE06674,335.1,70.8,6.069,5.656,59.26,78.04,1806,17,0,1974,5,A3
659,17,H1NE06664,333,70.6,6.061,5.622,59.23,77.79,573,17,0,1977,5,A3
660,17,H1NE06406,333.8,70.6,6.05,5.643,59.14,78.09,1179,17,0,1980,5,A3
661,17,H1NE06345,334.1,70.7,6.08,5.66,59.02,77.75,1938,17,0,1983,5,A4
662,17,H1NE06203,333.4,70.6,6.061,5.626,59.26,77.92,690,17,0,1986,5,A4
663,17,H1NE06254,333.1,70.6,6.056,5.621,59.26,77.95,543,17,0,1989,5,A4
664,17,H1NE06630,333.6,70.7,6.082,5.621,59.35,77.53,552,17,0,1992,5,A4
665,17,H1NE06632,335.6,70.8,6.068,5.656,59.34,78.09,1815,17,0,1995,5,A4
666,17,H1NE06584,332.6,70.6,6.066,5.627,59.11,77.65,704,17,0,1998,5,A4
667,17,H1NE06591,335.8,70.8,6.091,5.657,59.36,77.9,1847,17,0,2001,5,A4
668,17,H1NE06636,333.5,70.8,6.068,5.624,59.3,77.68,637,17,0,2004,5,A4
669,17,H1NE06638,335.9,70.8,6.09,5.659,59.35,77.92,1925,17,0,2007,5,A4
670,17,H1NE06641,333,70.6,6.069,5.622,59.23,77.67,574,17,0,2010,5,A4
671,17,H1NE06644,332.9,70.7,6.074,5.622,59.21,77.52,572,17,0,2013,5,A4
672,17,H1NE06546,336.1,70.7,6.088,5.654,59.44,78.07,1738,17,0,2016,5,A4
673,17,H1NE06650,332.3,70.6,6.064,5.623,59.09,77.61,600,17,0,2019,5,A5
674,17,H1NE06648,335.7,70.7,6.087,5.661,59.29,77.96,1987,17,0,2022,5,A5
675,17,H1NE06653,334.6,70.5,6.099,5.668,59.03,77.8,2098,17,0,2025,5,A5
676,17,H1NE06655,334.3,70.5,6.084,5.664,59.03,77.91,2038,17,0,2028,5,A5
677,17,H1NE06629,332.7,70.8,6.033,5.607,59.33,77.92,79,17,0,2031,5,A5
678,17,H1NE06633,332.4,70.7,6.048,5.614,59.21,77.68,247,17,0,2034,5,A5
679,17,H1NE06541,336.4,70.8,6.083,5.646,59.57,78.07,1354,17,0,2037,5,A5
680,17,GZNE29351,335.9,70.8,6.083,5.663,59.31,77.99,2029,17,0,2040,5,A5
681,18,H1NE07054,332.5,70.5,6.058,5.622,59.14,77.8,560,28,0,2043,5,A5
682,18,H1NE07062,336.6,70.9,6.067,5.655,59.52,78.27,1782,28,0,2046,5,A5
683,18,H1NE07057,331.8,70.7,6.042,5.608,59.16,77.7,86,28,0,2049,5,A5
684,18,H1NE07056,333.2,70.7,6.066,5.618,59.31,77.7,406,28,0,2052,5,A5
685,18,H1NE07064,336,70.9,6.076,5.649,59.48,78.03,1499,28,0,2055,5,A6
686,18,H1NE07059,333,70.6,6.063,5.622,59.23,77.78,575,28,0,2058,5,A6
687,18,H1NE07067,336.1,70.8,6.065,5.655,59.43,78.3,1780,28,0,2061,5,A6
688,18,H1NE07025,332.5,70.5,6.074,5.622,59.13,77.65,561,28,0,2064,5,A6
689,18,H1NE07055,336,70.8,6.061,5.653,59.44,78.25,1688,28,0,2067,5,A6
690,18,H1NE07033,332.1,70.5,6.069,5.615,59.15,77.59,277,28,0,2070,5,A6
691,18,H1NE07070,336.1,70.8,6.071,5.654,59.45,78.16,1739,28,0,2073,5,A6
692,18,H1NE07048,332.7,70.7,6.064,5.616,59.24,77.65,324,28,0,2076,5,A6
693,18,H1NE07038,336.3,70.8,6.064,5.653,59.5,78.32,1691,28,0,2079,5,A6
694,18,H1NE07043,332.5,70.6,6.072,5.622,59.14,77.59,562,28,0,2082,5,A6
695,18,H1NE07042,334.9,70.8,6.063,5.644,59.34,78.08,1243,28,0,2085,5,A6
696,18,H1NE07051,332.9,70.7,6.049,5.614,59.29,77.86,254,28,0,2088,5,A6
697,18,H1NE07046,335,70.8,6.071,5.637,59.44,77.93,964,28,0,2091,5,A7
698,18,H1NE07060,333,70.7,6.045,5.615,59.31,77.97,293,28,0,2094,5,A7
699,18,H1NE07050,335.9,70.8,6.069,5.653,59.43,78.17,1686,28,0,2097,5,A7
700,18,H1NE07061,333.2,70.7,6.072,5.621,59.28,77.6,545,28,0,2100,5,A7
701,18,H1NE07053,335.8,70.8,6.072,5.653,59.4,78.13,1685,28,0,2103,5,A7
702,18,H1NE07058,336,70.8,6.07,5.65,59.46,78.15,1550,28,0,2106,5,A7
703,18,H1NE07065,333.3,70.6,6.066,5.623,59.27,77.77,610,28,0,2109,5,A7
704,18,H1NE07063,336.2,70.8,6.08,5.649,59.51,78.07,1502,28,0,2112,5,A7
705,18,H1NE07066,335.7,70.7,6.07,5.659,59.33,78.27,1923,28,0,2115,5,A7
706,18,H1NE07012,333.6,70.7,6.058,5.623,59.32,77.91,614,28,0,2118,5,A7
707,18,H1NE07016,334.2,70.8,6.061,5.619,59.48,77.91,479,28,0,2121,5,A7
708,18,H1NE07014,337.1,70.9,6.067,5.658,59.59,78.36,1898,28,0,2124,5,A7
709,18,H1NE07004,334,70.8,6.054,5.62,59.44,77.92,518,28,0,2127,5,A8
710,18,H1NE07005,336.7,70.9,6.079,5.652,59.57,78.13,1647,28,0,2130,5,A8
711,18,H1NE07017,333.8,70.7,6.079,5.622,59.36,77.65,583,28,0,2133,5,A8
712,18,H1NE07021,333.7,70.7,6.08,5.626,59.32,77.64,691,28,0,2136,5,A8
713,18,H1NE07010,332.1,70.7,6.076,5.626,59.03,77.34,681,28,0,2139,5,A8
714,18,H1NE07003,336.7,70.9,6.074,5.651,59.58,78.17,1606,28,0,2142,5,A8
715,18,H1NE07011,333.7,70.8,6.076,5.618,59.39,77.61,422,28,0,2145,5,A8
716,18,H1NE07019,336.4,70.8,6.088,5.657,59.46,78.08,1853,28,0,2148,5,A8
717,18,H1NE07020,336.6,70.8,6.069,5.658,59.48,78.31,1895,28,0,2151,5,A8
718,18,H1NE07013,333.4,70.7,6.057,5.621,59.31,77.89,547,28,0,2154,5,A8
719,18,H1NE07027,335.9,70.7,6.084,5.663,59.31,78.1,2030,28,0,2157,5,A8
720,18,GZNE29730,332,70.4,6.065,5.63,58.96,77.75,770,28,0,2160,5,A8
721,19,H1NE06662,334.2,70.5,6.104,5.652,59.13,77.62,1621,23,0,2163,5,A9
722,19,H1NE07024,335.7,70.7,6.074,5.651,59.41,78.15,1598,23,0,2166,5,A9
723,19,H1NE07074,333.4,70.7,6.058,5.624,59.28,77.89,634,23,0,2169,5,A9
724,19,H1NE07068,335.5,70.8,6.06,5.642,59.47,78.19,1142,23,0,2172,5,A9
725,19,H1NE07076,334.1,70.8,6.06,5.622,59.42,77.84,587,23,0,2175,5,A9
726,19,H1NE07085,336.3,70.8,6.069,5.659,59.42,78.23,1930,23,0,2178,5,A9
727,19,H1NE07089,336.4,71,6.07,5.652,59.52,78.1,1644,23,0,2181,5,A9
728,19,H1NE07052,333.6,70.8,6.042,5.617,59.39,78.02,380,23,0,2184,5,A9
729,19,H1NE07088,335.8,70.9,6.085,5.657,59.35,77.89,1848,23,0,2187,5,A9
730,19,H1NE07095,336,70.9,6.067,5.645,59.51,78.13,1302,23,0,2190,5,A9
731,19,H1NE07077,333.8,70.7,6.072,5.623,59.36,77.73,617,23,0,2193,5,A9
732,19,H1NE07098,336,70.7,6.068,5.661,59.36,78.34,1989,23,0,2196,5,A9
733,19,H1NE07071,331.6,70.6,6.067,5.623,58.97,77.47,594,23,0,2199,5,A10
734,19,H1NE07031,333.1,70.6,6.049,5.62,59.28,78.02,503,23,0,2202,5,A10
735,19,H1NE07090,332.5,70.8,6.053,5.616,59.2,77.58,322,23,0,2205,5,A10
736,19,H1NE07083,333.6,70.8,6.048,5.619,59.38,77.95,472,23,0,2208,5,A10
737,19,H1NE07084,333.4,70.7,6.075,5.624,59.29,77.65,635,23,0,2211,5,A10
738,19,H1NE07096,332.8,70.8,6.049,5.604,59.39,77.77,43,23,0,2214,5,A10
739,19,H1NE07079,333.6,70.7,6.079,5.622,59.34,77.66,580,23,0,2217,5,A10
740,19,H1NE07045,333.5,70.7,6.045,5.618,59.36,77.97,414,23,0,2220,5,A10
741,19,H1NE07073,332,70.4,6.067,5.623,59.03,77.73,598,23,0,2223,5,A10
742,19,H1NE07082,333.1,70.7,6.042,5.611,59.36,77.94,173,23,0,2226,5,A10
743,19,H1NE07069,335.9,70.8,6.076,5.653,59.42,78.12,1687,23,0,2229,5,A10
744,19,H1NE07072,335,70.6,6.076,5.654,59.25,78.09,1719,23,0,2232,5,A10
745,19,H1NE07080,333.3,70.7,6.047,5.619,59.32,77.99,463,23,0,2235,5,A11
746,19,H1NE07075,333.2,70.6,6.063,5.651,58.96,77.88,1570,23,0,2238,5,A11
747,19,H1NE07078,335.9,70.8,6.078,5.648,59.47,78.05,1454,23,0,2241,5,A11
748,19,H1NE07091,335.6,70.9,6.069,5.644,59.47,78.02,1247,23,0,2244,5,A11
749,19,H1NE07039,336.4,70.8,6.064,5.646,59.58,78.31,1355,23,0,2247,5,A11
750,19,H1NE07086,332.1,70.8,6.073,5.644,58.83,77.21,1209,23,0,2250,5,A11
751,19,H1NE07081,333.5,70.7,6.076,5.618,59.36,77.63,415,23,0,2253,5,A11
752,19,H1NE07092,335.7,70.9,6.062,5.64,59.51,78.09,1074,23,0,2256,5,A11
753,19,H1NE07093,333.1,70.8,6.052,5.614,59.33,77.78,259,23,0,2259,5,A11
754,19,H1NE07094,335.6,70.9,6.058,5.643,59.47,78.19,1186,23,0,2262,5,A11
755,19,H1NE07041,333.4,70.7,6.048,5.62,59.32,77.97,507,23,0,2265,5,A11
756,19,H1NE07040,335.7,70.8,6.073,5.654,59.37,78.11,1733,23,0,2268,5,A11
757,19,H1NE07035,332.3,70.6,6.047,5.607,59.26,77.83,78,23,0,2271,5,A12
758,19,H1NE07047,335.8,70.8,6.082,5.656,59.37,78.01,1817,23,0,2274,5,A12
759,19,H1NE07044,333,70.7,6.045,5.614,59.33,77.88,256,23,0,2277,5,A12
760,19,G6NH24910,331.2,70.6,6.074,5.628,58.85,77.24,723,23,0,2280,5,A12
761,20,H1NE06855,333.5,70.6,6.07,5.635,59.2,77.85,910,24,0,2283,5,A12
762,20,H1NE06883,336.5,70.8,6.081,5.661,59.45,78.13,1991,24,0,2286,5,A12
763,20,H1NE06891,334.2,70.9,6.062,5.613,59.55,77.8,236,24,0,2289,5,A12
764,20,H1NE06885,337,70.9,6.073,5.657,59.56,78.31,1858,24,0,2292,5,A12
765,20,H1NE06889,337.5,70.9,6.089,5.657,59.65,78.13,1860,24,0,2295,5,A12
766,20,H1NE06890,337.1,71,6.09,5.653,59.62,78.01,1694,24,0,2298,5,A12
767,20,H1NE06892,334.2,70.9,6.061,5.611,59.55,77.79,177,24,0,2301,5,A12
768,20,H1NE06893,337.4,71,6.087,5.656,59.65,78.09,1824,24,0,2304,5,A12
769,20,H1NE06847,336.9,70.8,6.092,5.668,59.44,78.12,2107,24,0,2307,5,A13
770,20,H1NE06897,333.9,70.5,6.079,5.628,59.32,77.9,737,24,0,2310,5,A13
771,20,H1NE06895,337.5,70.9,6.07,5.658,59.65,78.38,1900,24,0,2313,5,A13
772,20,H1NE06901,334.1,70.6,6.085,5.627,59.38,77.73,715,24,0,2316,5,A13
773,20,H1NE06864,336.7,70.8,6.087,5.666,59.43,78.16,2085,24,0,2319,5,A13
774,20,H1NE06900,334.3,70.5,6.102,5.636,59.31,77.68,930,24,0,2322,5,A13
775,20,H1NE06899,337.1,70.7,6.091,5.665,59.51,78.31,2075,24,0,2325,5,A13
776,20,H1NE06905,334.7,70.8,6.094,5.626,59.49,77.56,697,24,0,2328,5,A13
777,20,H1NE06894,337.1,71,6.068,5.649,59.67,78.22,1504,24,0,2331,5,A13
778,20,H1NE06825,335.2,70.8,6.089,5.656,59.26,77.74,1809,24,0,2334,5,A13
779,20,H1NE06906,334.9,70.8,6.064,5.625,59.53,77.99,675,24,0,2337,5,A13
780,20,H1NE06904,334.4,70.8,6.089,5.627,59.42,77.63,718,24,0,2340,5,A13
781,20,H1NE06898,335,70.8,6.074,5.652,59.27,77.88,1633,24,0,2343,6,F1
782,20,H1NE06896,337.7,70.8,6.091,5.664,59.62,78.3,2062,24,1,2346,6,F1
783,20,H1NE06903,337.3,70.9,6.089,5.66,59.6,78.11,1964,24,0,2349,6,F1
784,20,H1NE06835,337,70.8,6.087,5.668,59.46,78.23,2108,24,0,2352,6,F1
785,20,H1NE06850,333.9,70.7,6.086,5.632,59.29,77.62,827,24,0,2355,6,F1
786,20,H1NE06848,337,70.7,6.102,5.672,59.42,78.11,2151,24,0,2358,6,F1
787,20,H1NE06852,334,70.6,6.069,5.635,59.27,77.9,912,24,0,2361,6,F1
788,20,H1NE06856,334.3,70.7,6.068,5.636,59.32,77.97,931,24,0,2364,6,F1
789,20,H1NE06851,336.9,70.7,6.093,5.67,59.41,78.18,2133,24,0,2367,6,F1
790,20,H1NE06859,333.9,70.6,6.078,5.631,59.29,77.76,805,24,0,2370,6,F1
791,20,H1NE06854,337,70.8,6.093,5.67,59.43,78.17,2134,24,0,2373,6,F1
792,20,H1NE06857,333.8,70.6,6.061,5.638,59.21,78.07,990,24,0,2376,6,F1
793,20,H1NE06858,333.9,70.6,6.105,5.633,59.27,77.44,856,24,0,2379,6,F1
794,20,H1NE06860,336.7,70.8,6.089,5.67,59.39,78.16,2131,24,0,2382,6,F1
795,20,H1NE06849,331.9,70.7,6.093,5.627,58.98,77.09,698,24,0,2385,6,F2
796,20,H1NE06853,337.1,70.8,6.092,5.668,59.47,78.14,2110,24,0,2388,6,F2
797,20,H1NE06861,334,70.7,6.097,5.632,59.31,77.5,828,24,0,2391,6,F2
798,20,H1NE06865,337.6,70.8,6.117,5.671,59.53,77.93,2145,24,1,2394,6,F2
799,20,H1NE06863,334.2,70.7,6.083,5.634,59.31,77.75,885,24,0,2397,6,F2
800,20,GZNE29537,332.5,70.7,6.07,5.614,59.22,77.46,251,24,0,2400,6,F2
801,21,H1NE08111,332.7,70.7,6.051,5.601,59.4,77.78,19,25,0,2403,6,F2
802,21,H1NE08110,332,70.7,6.048,5.639,58.88,77.61,1008,25,0,2406,6,F2
803,21,H1NE08112,335.3,70.8,6.043,5.637,59.48,78.38,965,25,0,2409,6,F2
804,21,H1NE08113,332.7,70.7,6.045,5.605,59.35,77.86,52,25,0,2412,6,F2
805,21,H1NE08114,334.6,70.8,6.045,5.638,59.34,78.16,993,25,0,2415,6,F2
806,21,H1NE08044,335.2,71,6.062,5.651,59.32,77.91,1593,25,0,2418,6,F2
807,21,H1NE08087,333.3,70.8,6.038,5.61,59.42,77.96,146,25,0,2421,6,F2
808,21,H1NE08089,336,70.9,6.078,5.645,59.53,77.99,1303,25,0,2424,6,F2
809,21,H1NE08071,330.2,70.7,6.045,5.614,58.82,77.27,237,25,0,2427,6,F3
810,21,H1NE08081,332.8,70.7,6.039,5.604,59.38,77.91,44,25,0,2430,6,F3
811,21,H1NE08083,335.9,70.8,6.067,5.651,59.44,78.22,1599,25,0,2433,6,F3
812,21,H1NE08078,335.1,70.8,6.062,5.65,59.31,78.05,1543,25,0,2436,6,F3
813,21,H1NE08079,333.7,70.8,6.043,5.607,59.5,77.96,83,25,0,2439,6,F3
814,21,H1NE08080,336.2,70.9,6.046,5.643,59.59,78.41,1190,25,0,2442,6,F3
815,21,H1NE08077,336.3,70.9,6.057,5.641,59.61,78.26,1110,25,0,2445,6,F3
816,21,H1NE08076,333.6,70.8,6.059,5.613,59.43,77.8,230,25,0,2448,6,F3
817,21,H1NE08074,334.1,70.8,6.059,5.614,59.51,77.86,271,25,0,2451,6,F3
818,21,H1NE08075,336.3,70.9,6.057,5.641,59.61,78.3,1111,25,0,2454,6,F3
819,21,H1NE08073,333.7,70.8,6.062,5.615,59.43,77.78,308,25,0,2457,6,F3
820,21,H1NE08093,333.1,70.8,6.028,5.613,59.35,78.09,225,25,0,2460,6,F3
821,21,H1NE08068,332.6,70.8,6.07,5.62,59.19,77.43,495,25,0,2463,6,F3
822,21,H1NE08084,333.8,70.8,6.051,5.618,59.43,77.96,424,25,0,2466,6,F3
823,21,H1NE08090,336.1,70.9,6.079,5.653,59.45,78.02,1690,25,0,2469,6,F4
824,21,H1NE08072,333.5,70.7,6.072,5.619,59.36,77.68,469,25,0,2472,6,F4
825,21,H1NE08094,336.4,70.9,6.065,5.647,59.56,78.21,1407,25,0,2475,6,F4
826,21,H1NE08086,333,70.8,6.059,5.607,59.38,77.65,81,25,0,2478,6,F4
827,21,H1NE08095,335.4,71,6.06,5.636,59.51,78,934,25,0,2481,6,F4
828,21,H1NE08096,336.4,70.9,6.069,5.646,59.58,78.13,1356,25,0,2484,6,F4
829,21,H1NE08042,333.6,70.9,6.051,5.613,59.44,77.8,231,25,0,2487,6,F4
830,21,H1NE08098,336.5,71,6.061,5.642,59.64,78.24,1147,25,0,2490,6,F4
831,21,H1NE08097,333.2,70.8,6.05,5.605,59.44,77.76,53,25,0,2493,6,F4
832,21,H1NE08088,333,70.8,6.044,5.609,59.37,77.86,124,25,0,2496,6,F4
833,21,H1NE08091,336.1,70.8,6.069,5.648,59.5,78.17,1455,25,0,2499,6,F4
834,21,H1NE07467,335,70.9,6.073,5.646,59.34,77.83,1348,25,0,2502,6,F4
835,21,H1NE08029,336,70.8,6.071,5.651,59.46,78.13,1600,25,0,2505,6,F4
836,21,H1NE07323,334.4,70.7,6.097,5.662,59.07,77.62,1999,25,0,2508,6,F4
837,21,H1NE07880,335.6,70.8,6.079,5.655,59.34,77.99,1776,25,0,2511,6,F5
838,21,H1NE07967,332,70.6,6.048,5.611,59.18,77.72,158,25,0,2514,6,F5
839,21,H1NE05390,333.6,70.4,6.088,5.66,58.93,77.79,1936,25,0,2517,6,F5
840,21,GZNE29366,333.2,70.8,6.074,5.621,59.27,77.43,546,25,0,2520,6,F5
841,22,H1NE07026,331.7,70.6,6.085,5.663,58.56,77.22,2015,19,0,2523,6,F5
842,22,H1NE07001,334,70.9,6.055,5.609,59.55,77.84,128,19,0,2526,6,F5
843,22,H1NE07023,336.4,70.7,6.087,5.663,59.4,78.17,2032,19,0,2529,6,F5
844,22,H1NE06950,337.1,70.8,6.085,5.667,59.48,78.24,2093,19,0,2532,6,F5
845,22,H1NE07018,334.3,70.7,6.085,5.623,59.44,77.67,620,19,0,2535,6,F5
846,22,H1NE07034,335.9,70.7,6.072,5.659,59.36,78.2,1926,19,0,2538,6,F5
847,22,H1NE07000,333.9,70.8,6.06,5.616,59.46,77.85,342,19,0,2541,6,F5
848,22,H1NE07022,336.4,70.8,6.083,5.662,59.41,78.15,2011,19,0,2544,6,F5
849,22,H1NE06951,333.9,70.6,6.05,5.629,59.31,78.12,759,19,0,2547,6,F5
850,22,H1NE07028,336.1,70.8,6.075,5.654,59.44,78.12,1740,19,0,2550,6,F5
851,22,H1NE06974,334.6,70.8,6.071,5.625,59.49,77.82,671,19,0,2553,6,F6
852,22,H1NE07032,335.5,70.7,6.057,5.648,59.41,78.34,1446,19,0,2556,6,F6
853,22,H1NE07029,333,70.6,6.048,5.628,59.17,77.99,732,19,0,2559,6,F6
854,22,H1NE07002,334.9,71,6.062,5.646,59.32,77.87,1345,19,0,2562,6,F6
855,22,H1NE07036,334.7,70.8,6.063,5.624,59.51,78,646,19,0,2565,6,F6
856,22,H1NE06970,334.5,70.7,6.076,5.626,59.46,77.82,695,19,0,2568,6,F6
857,22,H1NE06981,333.9,70.8,6.054,5.614,59.48,77.87,270,19,0,2571,6,F6
858,22,H1NE06982,333.8,70.7,6.056,5.618,59.42,77.95,425,19,0,2574,6,F6
859,22,H1NE06987,333.9,70.8,6.099,5.617,59.43,77.36,386,19,0,2577,6,F6
860,22,H1NE06979,337.3,70.9,6.094,5.657,59.63,78.07,1859,19,0,2580,6,F6
861,22,H1NE06992,333.7,70.7,6.08,5.621,59.37,77.64,554,19,0,2583,6,F6
862,22,H1NE06948,338,70.9,6.087,5.666,59.65,78.32,2088,19,1,2586,6,F6
863,22,H1NE06985,337.1,70.9,6.079,5.661,59.55,78.24,1994,19,0,2589,6,F6
864,22,H1NE06996,333.4,70.7,6.053,5.621,59.31,77.91,548,19,0,2592,6,F6
865,22,H1NE06990,337.1,70.8,6.073,5.664,59.53,78.4,2059,19,0,2595,6,F7
866,22,H1NE07007,335.9,70.9,6.066,5.643,59.52,78.09,1188,19,0,2598,6,F7
867,22,H1NE06994,336.7,70.8,6.106,5.66,59.48,77.9,1963,19,0,2601,6,F7
868,22,H1NE07006,333.4,70.8,6.034,5.611,59.41,78.07,175,19,0,2604,6,F7
869,22,H1NE06995,333.6,70.8,6.072,5.652,59.02,77.61,1614,19,0,2607,6,F7
870,22,H1NE07009,333.4,70.7,6.05,5.615,59.37,77.93,301,19,0,2610,6,F7
871,22,H1NE06999,336.2,70.9,6.05,5.649,59.52,78.38,1503,19,0,2613,6,F7
872,22,H1NE06998,333.5,70.8,6.052,5.614,59.4,77.85,266,19,0,2616,6,F7
873,22,H1NE06902,336.3,70.8,6.072,5.647,59.56,78.23,1405,19,0,2619,6,F7
874,22,H1NE07008,336,70.9,6.061,5.642,59.56,78.19,1145,19,0,2622,6,F7
875,22,H1NE06984,336.9,70.9,6.081,5.658,59.55,78.14,1897,19,0,2625,6,F7
876,22,H1NE06988,336.9,70.8,6.076,5.661,59.51,78.28,1993,19,0,2628,6,F7
877,22,H1NE06991,336.9,70.9,6.062,5.65,59.63,78.36,1556,19,0,2631,6,F7
878,22,H1NE06973,334.6,70.7,6.064,5.63,59.43,78.04,783,19,0,2634,6,F7
879,22,H1NE06976,334,70.8,6.063,5.619,59.44,77.81,478,19,0,2637,6,F8
880,22,GZNE29696,335.2,70.7,6.073,5.664,59.19,78.11,2042,19,0,2640,6,F8
881,23,H1NE05432,333,70.5,6.068,5.631,59.14,77.88,796,27,0,2643,6,F8
882,23,H1NE05449,334.6,70.7,6.089,5.664,59.07,77.75,2039,27,0,2646,6,F8
883,23,H1NE05455,333.1,70.5,6.084,5.634,59.11,77.67,881,27,0,2649,6,F8
884,23,H1NE05453,336.2,70.7,6.107,5.668,59.3,77.83,2104,27,0,2652,6,F8
885,23,H1NE05456,333,70.5,6.088,5.632,59.13,77.56,820,27,0,2655,6,F8
886,23,H1NE05435,335.6,70.5,6.098,5.673,59.16,78.05,2153,27,0,2658,6,F8
887,23,H1NE05439,333,70.4,6.067,5.637,59.08,77.95,960,27,0,2661,6,F8
888,23,H1NE05437,335.4,70.5,6.097,5.665,59.2,78,2069,27,0,2664,6,F8
889,23,H1NE05441,332.6,70.5,6.085,5.632,59.05,77.55,816,27,0,2667,6,F8
890,23,H1NE05367,335.7,70.7,6.101,5.663,59.28,77.81,2027,27,0,2670,6,F8
891,23,H1NE05444,332.8,70.6,6.068,5.627,59.15,77.69,705,27,0,2673,6,F8
892,23,H1NE05459,335.3,70.6,6.094,5.67,59.14,77.97,2126,27,0,2676,6,F8
893,23,H1NE05461,335.5,70.4,6.094,5.671,59.15,78.15,2138,27,0,2679,6,F9
894,23,H1NE05463,335.2,70.7,6.083,5.661,59.21,77.93,1979,27,0,2682,6,F9
895,23,H1NE05468,332.7,70.5,6.07,5.634,59.05,77.8,877,27,0,2685,6,F9
896,23,H1NE05447,334.8,70.7,6.084,5.657,59.19,77.9,1833,27,0,2688,6,F9
897,23,H1NE05394,334.7,70.5,6.087,5.655,59.19,77.95,1763,27,0,2691,6,F9
898,23,H1NE05396,334.2,70.5,6.085,5.653,59.12,77.95,1661,27,0,2694,6,F9
899,23,H1NE05388,332.6,70.5,6.081,5.626,59.12,77.59,684,27,0,2697,6,F9
900,23,H1NE05404,333.3,70.6,6.065,5.629,59.2,77.83,755,27,0,2700,6,F9
901,23,H1NE05400,331.5,70.3,6.065,5.636,58.81,77.71,917,27,0,2703,6,F9
902,23,H1NE05406,335,70.5,6.105,5.663,59.17,77.8,2019,27,0,2706,6,F9
903,23,H1NE05402,333,70.5,6.082,5.632,59.13,77.73,821,27,0,2709,6,F9
904,23,H1NE05407,335.6,70.5,6.108,5.671,59.18,77.97,2139,27,0,2712,6,F9
905,23,H1NE05403,333.1,70.5,6.067,5.632,59.13,77.88,822,27,0,2715,6,F9
906,23,H1NE05405,335.5,70.6,6.096,5.664,59.23,77.98,2047,27,0,2718,6,F9
907,23,H1NE05409,333.3,70.6,6.071,5.631,59.19,77.75,801,27,0,2721,6,F10
908,23,H1NE05408,335.6,70.6,6.087,5.666,59.23,78.12,2082,27,0,2724,6,F10
909,23,H1NE05412,333.1,70.5,6.07,5.631,59.16,77.8,797,27,0,2727,6,F10
910,23,H1NE05410,333,70.5,6.06,5.633,59.12,77.96,853,27,0,2730,6,F10
911,23,H1NE05413,335.4,70.6,6.11,5.669,59.17,77.79,2116,27,0,2733,6,F10
912,23,H1NE05420,333,70.4,6.074,5.637,59.08,77.87,961,27,0,2736,6,F10
913,23,H1NE05411,334.1,70.5,6.097,5.674,58.88,77.76,2156,27,0,2739,6,F10
914,23,H1NE05422,332.7,70.4,6.088,5.635,59.05,77.69,906,27,0,2742,6,F10
915,23,H1NE05414,335.5,70.6,6.093,5.667,59.21,77.96,2090,27,0,2745,6,F10
916,23,H1NE05418,331.3,70.3,6.062,5.634,58.81,77.7,862,27,0,2748,6,F10
917,23,H1NE05416,335.9,70.8,6.099,5.662,59.32,77.81,2008,27,0,2751,6,F10
918,23,H1NE05424,335.8,70.5,6.11,5.671,59.21,77.95,2140,27,0,2754,6,F10
919,23,H1NE05419,332.7,70.3,6.072,5.638,59.01,77.96,987,27,0,2757,6,F10
920,23,GZNE28451,332.9,70.5,6.104,5.637,59.05,77.35,959,27,0,2760,6,F10
921,24,H1NE05302,331.6,70.6,6.082,5.626,58.94,77.25,678,21,0,2763,6,F11
922,24,H1NE05306,334.5,70.6,6.1,5.657,59.14,77.7,1831,21,0,2766,6,F11
923,24,H1NE05311,335.6,70.8,6.08,5.654,59.35,77.91,1730,21,0,2769,6,F11
924,24,H1NE05307,332.5,70.5,6.076,5.633,59.03,77.64,851,21,0,2772,6,F11
925,24,H1NE05318,335,70.7,6.096,5.658,59.21,77.74,1878,21,0,2775,6,F11
926,24,H1NE05312,333.3,70.7,6.072,5.625,59.26,77.63,665,21,0,2778,6,F11
927,24,H1NE05314,332.8,70.6,6.077,5.628,59.13,77.57,730,21,0,2781,6,F11
928,24,H1NE05272,335.4,70.8,6.075,5.656,59.3,77.97,1812,21,0,2784,6,F11
929,24,H1NE05310,333.1,70.7,6.079,5.627,59.2,77.53,707,21,0,2787,6,F11
930,24,H1NE05308,331.7,70.6,6.059,5.622,59,77.49,557,21,0,2790,6,F11
931,24,H1NE05332,336,70.9,6.069,5.66,59.36,78.14,1961,21,0,2793,6,F11
932,24,H1NE05317,333.2,70.6,6.079,5.631,59.18,77.63,799,21,0,2796,6,F11
933,24,H1NE05333,335.8,70.9,6.082,5.655,59.37,77.89,1778,21,0,2799,6,F11
934,24,H1NE05315,332.9,70.5,6.096,5.634,59.09,77.41,879,21,0,2802,6,F11